"filename", "language", "JSON", "Markdown", "Shell Script", "Python", "TypeScript", "Ruby", "YAML", "Swift", "XML", "JavaScript", "JSON with Comments", "comment", "blank", "total"
"/Users/constantine/Documents/work/code/projects/ZhiYu/.github/workflows/ci.yml", "YAML", 0, 0, 0, 0, 0, 0, 35, 0, 0, 0, 0, 14, 13, 62
"/Users/constantine/Documents/work/code/projects/ZhiYu/.swiftlint.yml", "YAML", 0, 0, 0, 0, 0, 0, 18, 0, 0, 0, 0, 9, 6, 33
"/Users/constantine/Documents/work/code/projects/ZhiYu/.workbuddy/memory/2026-05-10.md", "Markdown", 0, 15, 0, 0, 0, 0, 0, 0, 0, 0, 0, 0, 9, 24
"/Users/constantine/Documents/work/code/projects/ZhiYu/.workbuddy/memory/2026-05-21.md", "Markdown", 0, 46, 0, 0, 0, 0, 0, 0, 0, 0, 0, 0, 11, 57
"/Users/constantine/Documents/work/code/projects/ZhiYu/.workbuddy/memory/MEMORY.md", "Markdown", 0, 74, 0, 0, 0, 0, 0, 0, 0, 0, 0, 0, 10, 84
"/Users/constantine/Documents/work/code/projects/ZhiYu/CLAUDE.md", "Markdown", 0, 137, 0, 0, 0, 0, 0, 0, 0, 0, 0, 0, 44, 181
"/Users/constantine/Documents/work/code/projects/ZhiYu/Configs/deepseek_payload.json", "JSON", 1, 0, 0, 0, 0, 0, 0, 0, 0, 0, 0, 0, 0, 1
"/Users/constantine/Documents/work/code/projects/ZhiYu/Configs/final_test_result.json", "JSON", 28, 0, 0, 0, 0, 0, 0, 0, 0, 0, 0, 0, 1, 29
"/Users/constantine/Documents/work/code/projects/ZhiYu/Configs/test_ingest_result.json", "JSON", 28, 0, 0, 0, 0, 0, 0, 0, 0, 0, 0, 0, 1, 29
"/Users/constantine/Documents/work/code/projects/ZhiYu/Docs/ACKNOWLEDGMENTS.md", "Markdown", 0, 14, 0, 0, 0, 0, 0, 0, 0, 0, 0, 0, 6, 20
"/Users/constantine/Documents/work/code/projects/ZhiYu/Docs/Architecture/ARCHITECTURE_4PLUS1.md", "Markdown", 0, 373, 0, 0, 0, 0, 0, 0, 0, 0, 0, 0, 87, 460
"/Users/constantine/Documents/work/code/projects/ZhiYu/Docs/Architecture/HIGH_LEVEL_DESIGN.md", "Markdown", 0, 127, 0, 0, 0, 0, 0, 0, 0, 0, 0, 0, 33, 160
"/Users/constantine/Documents/work/code/projects/ZhiYu/Docs/Architecture/LAYERING_L0_L3.md", "Markdown", 0, 109, 0, 0, 0, 0, 0, 0, 0, 0, 0, 0, 33, 142
"/Users/constantine/Documents/work/code/projects/ZhiYu/Docs/Architecture/Layer_Dependency_Constraints.md", "Markdown", 0, 81, 0, 0, 0, 0, 0, 0, 0, 0, 0, 0, 27, 108
"/Users/constantine/Documents/work/code/projects/ZhiYu/Docs/Architecture/PluginMarket_HLD.md", "Markdown", 0, 107, 0, 0, 0, 0, 0, 0, 0, 0, 0, 0, 25, 132
"/Users/constantine/Documents/work/code/projects/ZhiYu/Docs/AuthArchitecture.md", "Markdown", 0, 306, 0, 0, 0, 0, 0, 0, 0, 0, 0, 0, 55, 361
"/Users/constantine/Documents/work/code/projects/ZhiYu/Docs/CI_CD_WORKFLOW.md", "Markdown", 0, 31, 0, 0, 0, 0, 0, 0, 0, 0, 0, 0, 9, 40
"/Users/constantine/Documents/work/code/projects/ZhiYu/Docs/CONTRIBUTING.md", "Markdown", 0, 61, 0, 0, 0, 0, 0, 0, 0, 0, 0, 0, 19, 80
"/Users/constantine/Documents/work/code/projects/ZhiYu/Docs/Design/DATABASE_SCHEMA.md", "Markdown", 0, 93, 0, 0, 0, 0, 0, 0, 0, 0, 0, 0, 22, 115
"/Users/constantine/Documents/work/code/projects/ZhiYu/Docs/Design/DETAILED_DESIGN.md", "Markdown", 0, 120, 0, 0, 0, 0, 0, 0, 0, 0, 0, 0, 59, 179
"/Users/constantine/Documents/work/code/projects/ZhiYu/Docs/Design/PLUGIN_MARKET_HLD.md", "Markdown", 0, 116, 0, 0, 0, 0, 0, 0, 0, 0, 0, 0, 24, 140
"/Users/constantine/Documents/work/code/projects/ZhiYu/Docs/Design/PLUGIN_SDK.md", "Markdown", 0, 107, 0, 0, 0, 0, 0, 0, 0, 0, 0, 0, 36, 143
"/Users/constantine/Documents/work/code/projects/ZhiYu/Docs/Design/RAG_GOVERNANCE.md", "Markdown", 0, 58, 0, 0, 0, 0, 0, 0, 0, 0, 0, 0, 18, 76
"/Users/constantine/Documents/work/code/projects/ZhiYu/Docs/Design/SECURITY_DESIGN.md", "Markdown", 0, 38, 0, 0, 0, 0, 0, 0, 0, 0, 0, 0, 21, 59
"/Users/constantine/Documents/work/code/projects/ZhiYu/Docs/Design/UI_COMPONENTS.md", "Markdown", 0, 64, 0, 0, 0, 0, 0, 0, 0, 0, 0, 0, 29, 93
"/Users/constantine/Documents/work/code/projects/ZhiYu/Docs/Design/VISIONOS_HLD.md", "Markdown", 0, 66, 0, 0, 0, 0, 0, 0, 0, 0, 0, 0, 21, 87
"/Users/constantine/Documents/work/code/projects/ZhiYu/Docs/Design/VISUAL_SYSTEM.md", "Markdown", 0, 133, 0, 0, 0, 0, 0, 0, 0, 0, 0, 0, 32, 165
"/Users/constantine/Documents/work/code/projects/ZhiYu/Docs/Design/WATCHOS_DESIGN_GUIDELINES.md", "Markdown", 0, 164, 0, 0, 0, 0, 0, 0, 0, 0, 0, 0, 52, 216
"/Users/constantine/Documents/work/code/projects/ZhiYu/Docs/ROADMAP.md", "Markdown", 0, 62, 0, 0, 0, 0, 0, 0, 0, 0, 0, 0, 18, 80
"/Users/constantine/Documents/work/code/projects/ZhiYu/Docs/Requirements/FEATURE_LIST.md", "Markdown", 0, 69, 0, 0, 0, 0, 0, 0, 0, 0, 0, 0, 22, 91
"/Users/constantine/Documents/work/code/projects/ZhiYu/Docs/Requirements/LOCALIZATION.md", "Markdown", 0, 46, 0, 0, 0, 0, 0, 0, 0, 0, 0, 0, 15, 61
"/Users/constantine/Documents/work/code/projects/ZhiYu/Docs/Requirements/PRODUCT_REQUIREMENTS.md", "Markdown", 0, 109, 0, 0, 0, 0, 0, 0, 0, 0, 0, 0, 29, 138
"/Users/constantine/Documents/work/code/projects/ZhiYu/Docs/Requirements/ROADMAP.md", "Markdown", 0, 16, 0, 0, 0, 0, 0, 0, 0, 0, 0, 0, 5, 21
"/Users/constantine/Documents/work/code/projects/ZhiYu/Docs/Requirements/SOFTWARE_REQUIREMENTS_SPECIFICATION.md", "Markdown", 0, 115, 0, 0, 0, 0, 0, 0, 0, 0, 0, 0, 38, 153
"/Users/constantine/Documents/work/code/projects/ZhiYu/Docs/Requirements/TEST_GUIDE.md", "Markdown", 0, 73, 0, 0, 0, 0, 0, 0, 0, 0, 0, 0, 26, 99
"/Users/constantine/Documents/work/code/projects/ZhiYu/Docs/SECURITY_THREAT_MODEL.md", "Markdown", 0, 67, 0, 0, 0, 0, 0, 0, 0, 0, 0, 0, 21, 88
"/Users/constantine/Documents/work/code/projects/ZhiYu/Docs/Testing/FULL_PROJECT_AUDIT_REPORT_2026_05_16.md", "Markdown", 0, 43, 0, 0, 0, 0, 0, 0, 0, 0, 0, 0, 17, 60
"/Users/constantine/Documents/work/code/projects/ZhiYu/Docs/Testing/INTEGRATION_TEST_STRATEGY.md", "Markdown", 0, 77, 0, 0, 0, 0, 0, 0, 0, 0, 0, 0, 23, 100
"/Users/constantine/Documents/work/code/projects/ZhiYu/Docs/Testing/PERFORMANCE_BENCHMARK.md", "Markdown", 0, 50, 0, 0, 0, 0, 0, 0, 0, 0, 0, 0, 16, 66
"/Users/constantine/Documents/work/code/projects/ZhiYu/Docs/Testing/SYSTEM_TEST_PLAN.md", "Markdown", 0, 119, 0, 0, 0, 0, 0, 0, 0, 0, 0, 0, 43, 162
"/Users/constantine/Documents/work/code/projects/ZhiYu/Docs/Testing/TEST_CASES.md", "Markdown", 0, 113, 0, 0, 0, 0, 0, 0, 0, 0, 0, 0, 33, 146
"/Users/constantine/Documents/work/code/projects/ZhiYu/Docs/Testing/UNIT_TEST_GUIDE.md", "Markdown", 0, 172, 0, 0, 0, 0, 0, 0, 0, 0, 0, 0, 50, 222
"/Users/constantine/Documents/work/code/projects/ZhiYu/Docs/USER_GUIDE.md", "Markdown", 0, 92, 0, 0, 0, 0, 0, 0, 0, 0, 0, 0, 41, 133
"/Users/constantine/Documents/work/code/projects/ZhiYu/Docs/guides/config-conventions.md", "Markdown", 0, 88, 0, 0, 0, 0, 0, 0, 0, 0, 0, 0, 35, 123
"/Users/constantine/Documents/work/code/projects/ZhiYu/Docs/guides/implementation-patterns.md", "Markdown", 0, 58, 0, 0, 0, 0, 0, 0, 0, 0, 0, 0, 26, 84
"/Users/constantine/Documents/work/code/projects/ZhiYu/Docs/guides/storage-conventions.md", "Markdown", 0, 111, 0, 0, 0, 0, 0, 0, 0, 0, 0, 0, 31, 142
"/Users/constantine/Documents/work/code/projects/ZhiYu/Docs/guides/swift-coding-style.md", "Markdown", 0, 112, 0, 0, 0, 0, 0, 0, 0, 0, 0, 0, 49, 161
"/Users/constantine/Documents/work/code/projects/ZhiYu/Docs/superpowers/High_Level_Design.md", "Markdown", 0, 56, 0, 0, 0, 0, 0, 0, 0, 0, 0, 0, 19, 75
"/Users/constantine/Documents/work/code/projects/ZhiYu/Docs/superpowers/Threat_Model.md", "Markdown", 0, 39, 0, 0, 0, 0, 0, 0, 0, 0, 0, 0, 13, 52
"/Users/constantine/Documents/work/code/projects/ZhiYu/Docs/superpowers/plans/2026-05-03-rename-wiki-to-knowledge.md", "Markdown", 0, 115, 0, 0, 0, 0, 0, 0, 0, 0, 0, 0, 51, 166
"/Users/constantine/Documents/work/code/projects/ZhiYu/Docs/superpowers/plans/2026-05-04-project-b-aiworkflowstore-split.md", "Markdown", 0, 302, 0, 0, 0, 0, 0, 0, 0, 0, 0, 0, 66, 368
"/Users/constantine/Documents/work/code/projects/ZhiYu/Docs/superpowers/plans/2026-05-04-project-c-swiftui-cleanup.md", "Markdown", 0, 173, 0, 0, 0, 0, 0, 0, 0, 0, 0, 0, 68, 241
"/Users/constantine/Documents/work/code/projects/ZhiYu/Docs/superpowers/plans/2026-05-04-project-c-viewmodel-migration.md", "Markdown", 0, 211, 0, 0, 0, 0, 0, 0, 0, 0, 0, 0, 56, 267
"/Users/constantine/Documents/work/code/projects/ZhiYu/Docs/superpowers/plans/2026-05-04-project-d-pptxgenerator-relocation.md", "Markdown", 0, 28, 0, 0, 0, 0, 0, 0, 0, 0, 0, 0, 18, 46
"/Users/constantine/Documents/work/code/projects/ZhiYu/Docs/superpowers/plans/2026-05-04-project-e-large-view-splitting.md", "Markdown", 0, 27, 0, 0, 0, 0, 0, 0, 0, 0, 0, 0, 16, 43
"/Users/constantine/Documents/work/code/projects/ZhiYu/Docs/superpowers/plans/2026-05-08-architecture-refactor-implementation.md", "Markdown", 0, 43, 0, 0, 0, 0, 0, 0, 0, 0, 0, 0, 18, 61
"/Users/constantine/Documents/work/code/projects/ZhiYu/Docs/superpowers/plans/2026-05-10-refactor-ui-components.md", "Markdown", 0, 327, 0, 0, 0, 0, 0, 0, 0, 0, 0, 0, 69, 396
"/Users/constantine/Documents/work/code/projects/ZhiYu/Docs/superpowers/plans/2026-05-10-rename-wiki-terminology.md", "Markdown", 0, 137, 0, 0, 0, 0, 0, 0, 0, 0, 0, 0, 40, 177
"/Users/constantine/Documents/work/code/projects/ZhiYu/Docs/superpowers/plans/2026-05-10-update-anypagestore-calls.md", "Markdown", 0, 22, 0, 0, 0, 0, 0, 0, 0, 0, 0, 0, 17, 39
"/Users/constantine/Documents/work/code/projects/ZhiYu/Docs/superpowers/plans/2026-05-12-refactor-notebook-hub.md", "Markdown", 0, 115, 0, 0, 0, 0, 0, 0, 0, 0, 0, 0, 29, 144
"/Users/constantine/Documents/work/code/projects/ZhiYu/Docs/superpowers/plans/2026-05-12-structural-reform.md", "Markdown", 0, 104, 0, 0, 0, 0, 0, 0, 0, 0, 0, 0, 29, 133
"/Users/constantine/Documents/work/code/projects/ZhiYu/Docs/superpowers/plans/2026-05-13-notebookcard-visual-enhancement.md", "Markdown", 0, 223, 0, 0, 0, 0, 0, 0, 0, 0, 0, 0, 48, 271
"/Users/constantine/Documents/work/code/projects/ZhiYu/Docs/superpowers/plans/2026-05-14-rename-approuter-to-router.md", "Markdown", 0, 60, 0, 0, 0, 0, 0, 0, 0, 0, 0, 0, 23, 83
"/Users/constantine/Documents/work/code/projects/ZhiYu/Docs/superpowers/plans/2026-05-15-macro-sanitization.md", "Markdown", 0, 47, 0, 0, 0, 0, 0, 0, 0, 0, 0, 0, 15, 62
"/Users/constantine/Documents/work/code/projects/ZhiYu/Docs/superpowers/plans/2026-05-15-magic-cleanup.md", "Markdown", 0, 46, 0, 0, 0, 0, 0, 0, 0, 0, 0, 0, 35, 81
"/Users/constantine/Documents/work/code/projects/ZhiYu/Docs/superpowers/plans/2026-05-15-platform-macro-cleanup.md", "Markdown", 0, 46, 0, 0, 0, 0, 0, 0, 0, 0, 0, 0, 20, 66
"/Users/constantine/Documents/work/code/projects/ZhiYu/Docs/superpowers/plans/2026-05-16-architectural-alignment.md", "Markdown", 0, 26, 0, 0, 0, 0, 0, 0, 0, 0, 0, 0, 12, 38
"/Users/constantine/Documents/work/code/projects/ZhiYu/Docs/superpowers/plans/2026-05-17-p1-tech-debt-resolution.md", "Markdown", 0, 37, 0, 0, 0, 0, 0, 0, 0, 0, 0, 0, 13, 50
"/Users/constantine/Documents/work/code/projects/ZhiYu/Docs/superpowers/plans/2026-05-18-localization-audit-upgrade.md", "Markdown", 0, 101, 0, 0, 0, 0, 0, 0, 0, 0, 0, 0, 40, 141
"/Users/constantine/Documents/work/code/projects/ZhiYu/Docs/superpowers/plans/2026-05-18-refactor-userdefaults-keys.md", "Markdown", 0, 127, 0, 0, 0, 0, 0, 0, 0, 0, 0, 0, 52, 179
"/Users/constantine/Documents/work/code/projects/ZhiYu/Docs/superpowers/plans/refactor-to-feature-architecture.md", "Markdown", 0, 9, 0, 0, 0, 0, 0, 0, 0, 0, 0, 0, 2, 11
"/Users/constantine/Documents/work/code/projects/ZhiYu/Docs/superpowers/specs/2026-05-08-feature-architecture-refactor-design.md", "Markdown", 0, 174, 0, 0, 0, 0, 0, 0, 0, 0, 0, 0, 42, 216
"/Users/constantine/Documents/work/code/projects/ZhiYu/Docs/superpowers/specs/2026-05-10-mass-rename-wiki-to-knowledge-design.md", "Markdown", 0, 80, 0, 0, 0, 0, 0, 0, 0, 0, 0, 0, 9, 89
"/Users/constantine/Documents/work/code/projects/ZhiYu/Docs/superpowers/specs/2026-05-18-multi-vault-wal-switching-and-localization-performance.md", "Markdown", 0, 98, 0, 0, 0, 0, 0, 0, 0, 0, 0, 0, 23, 121
"/Users/constantine/Documents/work/code/projects/ZhiYu/Docs/superpowers/specs/2026-05-18-refactor-userdefaults-keys-design.md", "Markdown", 0, 40, 0, 0, 0, 0, 0, 0, 0, 0, 0, 0, 8, 48
"/Users/constantine/Documents/work/code/projects/ZhiYu/Docs/superpowers/specs/2026-05-23-ipad-layout-optimization-design.md", "Markdown", 0, 83, 0, 0, 0, 0, 0, 0, 0, 0, 0, 0, 20, 103
"/Users/constantine/Documents/work/code/projects/ZhiYu/Docs/superpowers/specs/2026-05-23-uitest-coldstart-self-healing-design.md", "Markdown", 0, 119, 0, 0, 0, 0, 0, 0, 0, 0, 0, 0, 31, 150
"/Users/constantine/Documents/work/code/projects/ZhiYu/GEMINI.md", "Markdown", 0, 83, 0, 0, 0, 0, 0, 0, 0, 0, 0, 0, 27, 110
"/Users/constantine/Documents/work/code/projects/ZhiYu/README.md", "Markdown", 0, 97, 0, 0, 0, 0, 0, 0, 0, 0, 0, 0, 37, 134
"/Users/constantine/Documents/work/code/projects/ZhiYu/Sources/App/AboutView.swift", "Swift", 0, 0, 0, 0, 0, 0, 0, 60, 0, 0, 0, 14, 11, 85
"/Users/constantine/Documents/work/code/projects/ZhiYu/Sources/App/AppEnvironment.swift", "Swift", 0, 0, 0, 0, 0, 0, 0, 56, 0, 0, 0, 24, 15, 95
"/Users/constantine/Documents/work/code/projects/ZhiYu/Sources/App/AppTab.swift", "Swift", 0, 0, 0, 0, 0, 0, 0, 26, 0, 0, 0, 24, 10, 60
"/Users/constantine/Documents/work/code/projects/ZhiYu/Sources/App/AppWindowSceneDelegate.swift", "Swift", 0, 0, 0, 0, 0, 0, 0, 28, 0, 0, 0, 10, 7, 45
"/Users/constantine/Documents/work/code/projects/ZhiYu/Sources/App/ContentView.swift", "Swift", 0, 0, 0, 0, 0, 0, 0, 94, 0, 0, 0, 21, 18, 133
"/Users/constantine/Documents/work/code/projects/ZhiYu/Sources/App/Environment/MacAppEnvironment.swift", "Swift", 0, 0, 0, 0, 0, 0, 0, 20, 0, 0, 0, 7, 11, 38
"/Users/constantine/Documents/work/code/projects/ZhiYu/Sources/App/Environment/WatchAppEnvironment.swift", "Swift", 0, 0, 0, 0, 0, 0, 0, 20, 0, 0, 0, 7, 11, 38
"/Users/constantine/Documents/work/code/projects/ZhiYu/Sources/App/Environment/iOSAppEnvironment.swift", "Swift", 0, 0, 0, 0, 0, 0, 0, 45, 0, 0, 0, 10, 12, 67
"/Users/constantine/Documents/work/code/projects/ZhiYu/Sources/App/ModuleRegistrar.swift", "Swift", 0, 0, 0, 0, 0, 0, 0, 207, 0, 0, 0, 37, 47, 291
"/Users/constantine/Documents/work/code/projects/ZhiYu/Sources/App/NavigationView.swift", "Swift", 0, 0, 0, 0, 0, 0, 0, 61, 0, 0, 0, 13, 9, 83
"/Users/constantine/Documents/work/code/projects/ZhiYu/Sources/App/Router.swift", "Swift", 0, 0, 0, 0, 0, 0, 0, 189, 0, 0, 0, 71, 53, 313
"/Users/constantine/Documents/work/code/projects/ZhiYu/Sources/App/SidebarView.swift", "Swift", 0, 0, 0, 0, 0, 0, 0, 72, 0, 0, 0, 15, 8, 95
"/Users/constantine/Documents/work/code/projects/ZhiYu/Sources/App/SplashView.swift", "Swift", 0, 0, 0, 0, 0, 0, 0, 109, 0, 0, 0, 23, 18, 150
"/Users/constantine/Documents/work/code/projects/ZhiYu/Sources/App/Store/AppModels.swift", "Swift", 0, 0, 0, 0, 0, 0, 0, 31, 0, 0, 0, 23, 9, 63
"/Users/constantine/Documents/work/code/projects/ZhiYu/Sources/App/Store/AppStore.swift", "Swift", 0, 0, 0, 0, 0, 0, 0, 346, 0, 0, 0, 45, 70, 461
"/Users/constantine/Documents/work/code/projects/ZhiYu/Sources/App/ViewFactory.swift", "Swift", 0, 0, 0, 0, 0, 0, 0, 65, 0, 0, 0, 15, 13, 93
"/Users/constantine/Documents/work/code/projects/ZhiYu/Sources/App/Views/AppLayoutComponents.swift", "Swift", 0, 0, 0, 0, 0, 0, 0, 320, 0, 0, 0, 12, 26, 358
"/Users/constantine/Documents/work/code/projects/ZhiYu/Sources/App/Views/CoachMarkOverlay.swift", "Swift", 0, 0, 0, 0, 0, 0, 0, 108, 0, 0, 0, 9, 17, 134
"/Users/constantine/Documents/work/code/projects/ZhiYu/Sources/App/Views/SidebarRowComponents.swift", "Swift", 0, 0, 0, 0, 0, 0, 0, 384, 0, 0, 0, 41, 48, 473
"/Users/constantine/Documents/work/code/projects/ZhiYu/Sources/App/WelcomeView.swift", "Swift", 0, 0, 0, 0, 0, 0, 0, 184, 0, 0, 0, 10, 18, 212
"/Users/constantine/Documents/work/code/projects/ZhiYu/Sources/App/ZhiYuApp.swift", "Swift", 0, 0, 0, 0, 0, 0, 0, 79, 0, 0, 0, 28, 11, 118
"/Users/constantine/Documents/work/code/projects/ZhiYu/Sources/Assets.xcassets/AccentColor.colorset/Contents.json", "JSON", 38, 0, 0, 0, 0, 0, 0, 0, 0, 0, 0, 0, 1, 39
"/Users/constantine/Documents/work/code/projects/ZhiYu/Sources/Assets.xcassets/AppIcon-Watch.appiconset/Contents.json", "JSON", 14, 0, 0, 0, 0, 0, 0, 0, 0, 0, 0, 0, 1, 15
"/Users/constantine/Documents/work/code/projects/ZhiYu/Sources/Assets.xcassets/AppIcon-iOS.appiconset/Contents.json", "JSON", 14, 0, 0, 0, 0, 0, 0, 0, 0, 0, 0, 0, 1, 15
"/Users/constantine/Documents/work/code/projects/ZhiYu/Sources/Assets.xcassets/Contents.json", "JSON", 6, 0, 0, 0, 0, 0, 0, 0, 0, 0, 0, 0, 1, 7
"/Users/constantine/Documents/work/code/projects/ZhiYu/Sources/Assets.xcassets/LaunchBackground.colorset/Contents.json", "JSON", 38, 0, 0, 0, 0, 0, 0, 0, 0, 0, 0, 0, 0, 38
"/Users/constantine/Documents/work/code/projects/ZhiYu/Sources/Base.lproj/LaunchScreen.storyboard", "XML", 0, 0, 0, 0, 0, 0, 0, 0, 26, 0, 0, 0, 1, 27
"/Users/constantine/Documents/work/code/projects/ZhiYu/Sources/Core/Base/Constants/AppConfig.swift", "Swift", 0, 0, 0, 0, 0, 0, 0, 53, 0, 0, 0, 27, 16, 96
"/Users/constantine/Documents/work/code/projects/ZhiYu/Sources/Core/Base/Constants/AppConstants.swift", "Swift", 0, 0, 0, 0, 0, 0, 0, 122, 0, 0, 0, 47, 19, 188
"/Users/constantine/Documents/work/code/projects/ZhiYu/Sources/Core/Base/Constants/LogAction.swift", "Swift", 0, 0, 0, 0, 0, 0, 0, 55, 0, 0, 0, 17, 10, 82
"/Users/constantine/Documents/work/code/projects/ZhiYu/Sources/Core/Base/Extensions/Date+App.swift", "Swift", 0, 0, 0, 0, 0, 0, 0, 20, 0, 0, 0, 12, 4, 36
"/Users/constantine/Documents/work/code/projects/ZhiYu/Sources/Core/Base/Extensions/Date+Extensions.swift", "Swift", 0, 0, 0, 0, 0, 0, 0, 27, 0, 0, 0, 8, 10, 45
"/Users/constantine/Documents/work/code/projects/ZhiYu/Sources/Core/Base/Protocols/AIWorkflowCapabilities.swift", "Swift", 0, 0, 0, 0, 0, 0, 0, 5, 0, 0, 0, 15, 4, 24
"/Users/constantine/Documents/work/code/projects/ZhiYu/Sources/Core/Base/Protocols/AppEnvironmentProtocol.swift", "Swift", 0, 0, 0, 0, 0, 0, 0, 23, 0, 0, 0, 20, 13, 56
"/Users/constantine/Documents/work/code/projects/ZhiYu/Sources/Core/Base/Protocols/BackgroundTaskProtocol.swift", "Swift", 0, 0, 0, 0, 0, 0, 0, 6, 0, 0, 0, 9, 4, 19
"/Users/constantine/Documents/work/code/projects/ZhiYu/Sources/Core/Base/Protocols/CollaborationProviderProtocol.swift", "Swift", 0, 0, 0, 0, 0, 0, 0, 21, 0, 0, 0, 15, 9, 45
"/Users/constantine/Documents/work/code/projects/ZhiYu/Sources/Core/Base/Protocols/DTOs.swift", "Swift", 0, 0, 0, 0, 0, 0, 0, 121, 0, 0, 0, 21, 20, 162
"/Users/constantine/Documents/work/code/projects/ZhiYu/Sources/Core/Base/Protocols/DatabaseManagerProtocol.swift", "Swift", 0, 0, 0, 0, 0, 0, 0, 0, 0, 0, 0, 0, 1, 1
"/Users/constantine/Documents/work/code/projects/ZhiYu/Sources/Core/Base/Protocols/EmbeddingProvider.swift", "Swift", 0, 0, 0, 0, 0, 0, 0, 5, 0, 0, 0, 10, 3, 18
"/Users/constantine/Documents/work/code/projects/ZhiYu/Sources/Core/Base/Protocols/ExportServiceProtocol.swift", "Swift", 0, 0, 0, 0, 0, 0, 0, 6, 0, 0, 0, 10, 5, 21
"/Users/constantine/Documents/work/code/projects/ZhiYu/Sources/Core/Base/Protocols/FileArchiverProtocol.swift", "Swift", 0, 0, 0, 0, 0, 0, 0, 4, 0, 0, 0, 11, 3, 18
"/Users/constantine/Documents/work/code/projects/ZhiYu/Sources/Core/Base/Protocols/HapticFeedbackProtocol.swift", "Swift", 0, 0, 0, 0, 0, 0, 0, 16, 0, 0, 0, 11, 4, 31
"/Users/constantine/Documents/work/code/projects/ZhiYu/Sources/Core/Base/Protocols/LLMServiceProtocol.swift", "Swift", 0, 0, 0, 0, 0, 0, 0, 28, 0, 0, 0, 19, 12, 59
"/Users/constantine/Documents/work/code/projects/ZhiYu/Sources/Core/Base/Protocols/LiveActivityProtocol.swift", "Swift", 0, 0, 0, 0, 0, 0, 0, 7, 0, 0, 0, 20, 5, 32
"/Users/constantine/Documents/work/code/projects/ZhiYu/Sources/Core/Base/Protocols/OCRServiceProtocol.swift", "Swift", 0, 0, 0, 0, 0, 0, 0, 4, 0, 0, 0, 8, 3, 15
"/Users/constantine/Documents/work/code/projects/ZhiYu/Sources/Core/Base/Protocols/OnDeviceLLMServiceProtocol.swift", "Swift", 0, 0, 0, 0, 0, 0, 0, 0, 0, 0, 0, 0, 1, 1
"/Users/constantine/Documents/work/code/projects/ZhiYu/Sources/Core/Base/Protocols/PDFServiceProtocol.swift", "Swift", 0, 0, 0, 0, 0, 0, 0, 12, 0, 0, 0, 17, 10, 39
"/Users/constantine/Documents/work/code/projects/ZhiYu/Sources/Core/Base/Protocols/PasteboardProtocol.swift", "Swift", 0, 0, 0, 0, 0, 0, 0, 5, 0, 0, 0, 8, 3, 16
"/Users/constantine/Documents/work/code/projects/ZhiYu/Sources/Core/Base/Protocols/PlatformCapabilities.swift", "Swift", 0, 0, 0, 0, 0, 0, 0, 16, 0, 0, 0, 21, 13, 50
"/Users/constantine/Documents/work/code/projects/ZhiYu/Sources/Core/Base/Protocols/ReminderServiceProtocol.swift", "Swift", 0, 0, 0, 0, 0, 0, 0, 5, 0, 0, 0, 12, 4, 21
"/Users/constantine/Documents/work/code/projects/ZhiYu/Sources/Core/Base/Protocols/SearchIndexerProtocol.swift", "Swift", 0, 0, 0, 0, 0, 0, 0, 8, 0, 0, 0, 12, 7, 27
"/Users/constantine/Documents/work/code/projects/ZhiYu/Sources/Core/Base/Protocols/SpeechServiceProtocol.swift", "Swift", 0, 0, 0, 0, 0, 0, 0, 23, 0, 0, 0, 9, 4, 36
"/Users/constantine/Documents/work/code/projects/ZhiYu/Sources/Core/Base/Protocols/StoreCapabilities.swift", "Swift", 0, 0, 0, 0, 0, 0, 0, 53, 0, 0, 0, 32, 24, 109
"/Users/constantine/Documents/work/code/projects/ZhiYu/Sources/Core/Base/Protocols/ViewProvider.swift", "Swift", 0, 0, 0, 0, 0, 0, 0, 5, 0, 0, 0, 13, 3, 21
"/Users/constantine/Documents/work/code/projects/ZhiYu/Sources/Core/Base/Protocols/WatchSyncProtocol.swift", "Swift", 0, 0, 0, 0, 0, 0, 0, 10, 0, 0, 0, 10, 5, 25
"/Users/constantine/Documents/work/code/projects/ZhiYu/Sources/Core/Base/ServiceContainer.swift", "Swift", 0, 0, 0, 0, 0, 0, 0, 74, 0, 0, 0, 30, 23, 127
"/Users/constantine/Documents/work/code/projects/ZhiYu/Sources/Core/Base/Stubs/StubBackgroundTaskProvider.swift", "Swift", 0, 0, 0, 0, 0, 0, 0, 5, 0, 0, 0, 6, 3, 14
"/Users/constantine/Documents/work/code/projects/ZhiYu/Sources/Core/Base/Stubs/StubCollaborationProvider.swift", "Swift", 0, 0, 0, 0, 0, 0, 0, 15, 0, 0, 0, 6, 8, 29
"/Users/constantine/Documents/work/code/projects/ZhiYu/Sources/Core/Base/Stubs/StubWatchSyncService.swift", "Swift", 0, 0, 0, 0, 0, 0, 0, 6, 0, 0, 0, 6, 3, 15
"/Users/constantine/Documents/work/code/projects/ZhiYu/Sources/Core/Base/Stubs/UnsupportedExportService.swift", "Swift", 0, 0, 0, 0, 0, 0, 0, 12, 0, 0, 0, 7, 5, 24
"/Users/constantine/Documents/work/code/projects/ZhiYu/Sources/Core/Base/Stubs/UnsupportedFileArchiver.swift", "Swift", 0, 0, 0, 0, 0, 0, 0, 11, 0, 0, 0, 7, 4, 22
"/Users/constantine/Documents/work/code/projects/ZhiYu/Sources/Core/Base/Stubs/UnsupportedReminderService.swift", "Swift", 0, 0, 0, 0, 0, 0, 0, 8, 0, 0, 0, 8, 4, 20
"/Users/constantine/Documents/work/code/projects/ZhiYu/Sources/Core/Base/Stubs/UnsupportedSearchIndexer.swift", "Swift", 0, 0, 0, 0, 0, 0, 0, 8, 0, 0, 0, 7, 3, 18
"/Users/constantine/Documents/work/code/projects/ZhiYu/Sources/Core/Base/Utils/Character+CJK.swift", "Swift", 0, 0, 0, 0, 0, 0, 0, 16, 0, 0, 0, 10, 3, 29
"/Users/constantine/Documents/work/code/projects/ZhiYu/Sources/Core/Base/Utils/Localized.swift", "Swift", 0, 0, 0, 0, 0, 0, 0, 128, 0, 0, 0, 80, 42, 250
"/Users/constantine/Documents/work/code/projects/ZhiYu/Sources/Core/Base/Utils/SnapshotService.swift", "Swift", 0, 0, 0, 0, 0, 0, 0, 56, 0, 0, 0, 16, 15, 87
"/Users/constantine/Documents/work/code/projects/ZhiYu/Sources/Core/Base/Utils/ZipUtility.swift", "Swift", 0, 0, 0, 0, 0, 0, 0, 79, 0, 0, 0, 13, 22, 114
"/Users/constantine/Documents/work/code/projects/ZhiYu/Sources/Core/System/Accessibility/AccessibilityService.swift", "Swift", 0, 0, 0, 0, 0, 0, 0, 36, 0, 0, 0, 17, 8, 61
"/Users/constantine/Documents/work/code/projects/ZhiYu/Sources/Core/System/Analytics/LocalAnalyticsService.swift", "Swift", 0, 0, 0, 0, 0, 0, 0, 41, 0, 0, 0, 13, 13, 67
"/Users/constantine/Documents/work/code/projects/ZhiYu/Sources/Core/System/Events/AppEventBus.swift", "Swift", 0, 0, 0, 0, 0, 0, 0, 30, 0, 0, 0, 14, 8, 52
"/Users/constantine/Documents/work/code/projects/ZhiYu/Sources/Core/System/Haptic/HapticFeedback.swift", "Swift", 0, 0, 0, 0, 0, 0, 0, 10, 0, 0, 0, 14, 6, 30
"/Users/constantine/Documents/work/code/projects/ZhiYu/Sources/Core/System/Haptic/MacHapticService.swift", "Swift", 0, 0, 0, 0, 0, 0, 0, 16, 0, 0, 0, 7, 3, 26
"/Users/constantine/Documents/work/code/projects/ZhiYu/Sources/Core/System/Haptic/WatchHapticService.swift", "Swift", 0, 0, 0, 0, 0, 0, 0, 26, 0, 0, 0, 7, 3, 36
"/Users/constantine/Documents/work/code/projects/ZhiYu/Sources/Core/System/Haptic/iOSHapticService.swift", "Swift", 0, 0, 0, 0, 0, 0, 0, 23, 0, 0, 0, 7, 3, 33
"/Users/constantine/Documents/work/code/projects/ZhiYu/Sources/Core/System/Logger/Logger.swift", "Swift", 0, 0, 0, 0, 0, 0, 0, 235, 0, 0, 0, 24, 46, 305
"/Users/constantine/Documents/work/code/projects/ZhiYu/Sources/Core/System/Notifications/AppNotifications.swift", "Swift", 0, 0, 0, 0, 0, 0, 0, 9, 0, 0, 0, 9, 3, 21
"/Users/constantine/Documents/work/code/projects/ZhiYu/Sources/Core/System/Onboarding/OnboardingService.swift", "Swift", 0, 0, 0, 0, 0, 0, 0, 64, 0, 0, 0, 13, 17, 94
"/Users/constantine/Documents/work/code/projects/ZhiYu/Sources/Core/System/Performance/PerformanceService.swift", "Swift", 0, 0, 0, 0, 0, 0, 0, 114, 0, 0, 0, 22, 18, 154
"/Users/constantine/Documents/work/code/projects/ZhiYu/Sources/Core/System/Routing/AppLinkProcessor.swift", "Swift", 0, 0, 0, 0, 0, 0, 0, 14, 0, 0, 0, 18, 6, 38
"/Users/constantine/Documents/work/code/projects/ZhiYu/Sources/Core/System/Routing/DeepLinkService.swift", "Swift", 0, 0, 0, 0, 0, 0, 0, 69, 0, 0, 0, 14, 15, 98
"/Users/constantine/Documents/work/code/projects/ZhiYu/Sources/Core/System/Security/JailbreakDetector.swift", "Swift", 0, 0, 0, 0, 0, 0, 0, 0, 0, 0, 0, 0, 1, 1
"/Users/constantine/Documents/work/code/projects/ZhiYu/Sources/Core/System/Security/KeychainService.swift", "Swift", 0, 0, 0, 0, 0, 0, 0, 78, 0, 0, 0, 23, 12, 113
"/Users/constantine/Documents/work/code/projects/ZhiYu/Sources/Core/System/Security/PromptSanitizer.swift", "Swift", 0, 0, 0, 0, 0, 0, 0, 57, 0, 0, 0, 35, 17, 109
"/Users/constantine/Documents/work/code/projects/ZhiYu/Sources/Core/System/Security/SecureEnclaveCryptoService.swift", "Swift", 0, 0, 0, 0, 0, 0, 0, 68, 0, 0, 0, 40, 21, 129
"/Users/constantine/Documents/work/code/projects/ZhiYu/Sources/Core/System/Security/SecurityManager.swift", "Swift", 0, 0, 0, 0, 0, 0, 0, 115, 0, 0, 0, 28, 30, 173
"/Users/constantine/Documents/work/code/projects/ZhiYu/Sources/Core/System/Security/SecurityReinforcement.swift", "Swift", 0, 0, 0, 0, 0, 0, 0, 12, 0, 0, 0, 12, 3, 27
"/Users/constantine/Documents/work/code/projects/ZhiYu/Sources/Core/System/Shortcuts/AppKeyboardShortcuts.swift", "Swift", 0, 0, 0, 0, 0, 0, 0, 35, 0, 0, 0, 16, 5, 56
"/Users/constantine/Documents/work/code/projects/ZhiYu/Sources/Core/System/Shortcuts/ShortcutManager.swift", "Swift", 0, 0, 0, 0, 0, 0, 0, 84, 0, 0, 0, 39, 22, 145
"/Users/constantine/Documents/work/code/projects/ZhiYu/Sources/Core/System/Workflow/WorkflowService.swift", "Swift", 0, 0, 0, 0, 0, 0, 0, 69, 0, 0, 0, 26, 15, 110
"/Users/constantine/Documents/work/code/projects/ZhiYu/Sources/Domain/Knowledge/KnowledgePageManager.swift", "Swift", 0, 0, 0, 0, 0, 0, 0, 161, 0, 0, 0, 35, 41, 237
"/Users/constantine/Documents/work/code/projects/ZhiYu/Sources/Domain/Knowledge/SourceStore.swift", "Swift", 0, 0, 0, 0, 0, 0, 0, 16, 0, 0, 0, 10, 7, 33
"/Users/constantine/Documents/work/code/projects/ZhiYu/Sources/Domain/Models/AITaskProgress.swift", "Swift", 0, 0, 0, 0, 0, 0, 0, 17, 0, 0, 0, 13, 6, 36
"/Users/constantine/Documents/work/code/projects/ZhiYu/Sources/Domain/Models/AsyncStatus.swift", "Swift", 0, 0, 0, 0, 0, 0, 0, 11, 0, 0, 0, 10, 4, 25
"/Users/constantine/Documents/work/code/projects/ZhiYu/Sources/Domain/Models/BusinessConstants.swift", "Swift", 0, 0, 0, 0, 0, 0, 0, 52, 0, 0, 0, 30, 9, 91
"/Users/constantine/Documents/work/code/projects/ZhiYu/Sources/Domain/Models/KnowledgePage.swift", "Swift", 0, 0, 0, 0, 0, 0, 0, 198, 0, 0, 0, 59, 37, 294
"/Users/constantine/Documents/work/code/projects/ZhiYu/Sources/Domain/Models/KnowledgePageFTS.swift", "Swift", 0, 0, 0, 0, 0, 0, 0, 17, 0, 0, 0, 8, 5, 30
"/Users/constantine/Documents/work/code/projects/ZhiYu/Sources/Domain/Models/PageLink.swift", "Swift", 0, 0, 0, 0, 0, 0, 0, 27, 0, 0, 0, 8, 7, 42
"/Users/constantine/Documents/work/code/projects/ZhiYu/Sources/Domain/Models/PageSchema.swift", "Swift", 0, 0, 0, 0, 0, 0, 0, 13, 0, 0, 0, 10, 4, 27
"/Users/constantine/Documents/work/code/projects/ZhiYu/Sources/Domain/Models/PageType.swift", "Swift", 0, 0, 0, 0, 0, 0, 0, 72, 0, 0, 0, 12, 12, 96
"/Users/constantine/Documents/work/code/projects/ZhiYu/Sources/Domain/Models/RAGModels.swift", "Swift", 0, 0, 0, 0, 0, 0, 0, 97, 0, 0, 0, 11, 13, 121
"/Users/constantine/Documents/work/code/projects/ZhiYu/Sources/Domain/Models/SourceModels.swift", "Swift", 0, 0, 0, 0, 0, 0, 0, 19, 0, 0, 0, 7, 4, 30
"/Users/constantine/Documents/work/code/projects/ZhiYu/Sources/Domain/Models/VaultTheme.swift", "Swift", 0, 0, 0, 0, 0, 0, 0, 0, 0, 0, 0, 0, 1, 1
"/Users/constantine/Documents/work/code/projects/ZhiYu/Sources/Domain/Protocols/FeatureProtocols.swift", "Swift", 0, 0, 0, 0, 0, 0, 0, 36, 0, 0, 0, 47, 26, 109
"/Users/constantine/Documents/work/code/projects/ZhiYu/Sources/Domain/Protocols/FileSignatureRepository.swift", "Swift", 0, 0, 0, 0, 0, 0, 0, 6, 0, 0, 0, 10, 5, 21
"/Users/constantine/Documents/work/code/projects/ZhiYu/Sources/Domain/Protocols/GovernanceRepository.swift", "Swift", 0, 0, 0, 0, 0, 0, 0, 12, 0, 0, 0, 21, 14, 47
"/Users/constantine/Documents/work/code/projects/ZhiYu/Sources/Domain/Protocols/KnowledgePageProcessor.swift", "Swift", 0, 0, 0, 0, 0, 0, 0, 6, 0, 0, 0, 13, 5, 24
"/Users/constantine/Documents/work/code/projects/ZhiYu/Sources/Domain/Protocols/KnowledgeRepository.swift", "Swift", 0, 0, 0, 0, 0, 0, 0, 13, 0, 0, 0, 11, 3, 27
"/Users/constantine/Documents/work/code/projects/ZhiYu/Sources/Domain/Protocols/VaultRepository.swift", "Swift", 0, 0, 0, 0, 0, 0, 0, 7, 0, 0, 0, 11, 6, 24
"/Users/constantine/Documents/work/code/projects/ZhiYu/Sources/Domain/Protocols/VectorRepository.swift", "Swift", 0, 0, 0, 0, 0, 0, 0, 10, 0, 0, 0, 18, 11, 39
"/Users/constantine/Documents/work/code/projects/ZhiYu/Sources/Domain/RAG/AIContentEnricher.swift", "Swift", 0, 0, 0, 0, 0, 0, 0, 128, 0, 0, 0, 23, 26, 177
"/Users/constantine/Documents/work/code/projects/ZhiYu/Sources/Domain/RAG/KnowledgeIngestPipeline.swift", "Swift", 0, 0, 0, 0, 0, 0, 0, 120, 0, 0, 0, 24, 20, 164
"/Users/constantine/Documents/work/code/projects/ZhiYu/Sources/Domain/RAG/LLMUtils.swift", "Swift", 0, 0, 0, 0, 0, 0, 0, 35, 0, 0, 0, 18, 7, 60
"/Users/constantine/Documents/work/code/projects/ZhiYu/Sources/Domain/RAG/LinkService.swift", "Swift", 0, 0, 0, 0, 0, 0, 0, 165, 0, 0, 0, 43, 37, 245
"/Users/constantine/Documents/work/code/projects/ZhiYu/Sources/Domain/RAG/PromptRegistry.swift", "Swift", 0, 0, 0, 0, 0, 0, 0, 17, 0, 0, 0, 13, 8, 38
"/Users/constantine/Documents/work/code/projects/ZhiYu/Sources/Domain/RAG/RAGEvaluationService.swift", "Swift", 0, 0, 0, 0, 0, 0, 0, 52, 0, 0, 0, 15, 12, 79
"/Users/constantine/Documents/work/code/projects/ZhiYu/Sources/Domain/RAG/RAGOrchestrator.swift", "Swift", 0, 0, 0, 0, 0, 0, 0, 51, 0, 0, 0, 20, 17, 88
"/Users/constantine/Documents/work/code/projects/ZhiYu/Sources/Features/AI/AIViewProvider.swift", "Swift", 0, 0, 0, 0, 0, 0, 0, 20, 0, 0, 0, 7, 4, 31
"/Users/constantine/Documents/work/code/projects/ZhiYu/Sources/Features/AI/Chat/Coordinator/ChatCoordinator.swift", "Swift", 0, 0, 0, 0, 0, 0, 0, 117, 0, 0, 0, 13, 24, 154
"/Users/constantine/Documents/work/code/projects/ZhiYu/Sources/Features/AI/Chat/Model/AIInsightStore.swift", "Swift", 0, 0, 0, 0, 0, 0, 0, 83, 0, 0, 0, 17, 22, 122
"/Users/constantine/Documents/work/code/projects/ZhiYu/Sources/Features/AI/Chat/Model/AIWorkflowStore.swift", "Swift", 0, 0, 0, 0, 0, 0, 0, 168, 0, 0, 0, 26, 39, 233
"/Users/constantine/Documents/work/code/projects/ZhiYu/Sources/Features/AI/Chat/Service/ChatService.swift", "Swift", 0, 0, 0, 0, 0, 0, 0, 27, 0, 0, 0, 6, 11, 44
"/Users/constantine/Documents/work/code/projects/ZhiYu/Sources/Features/AI/Chat/View/ChatView.swift", "Swift", 0, 0, 0, 0, 0, 0, 0, 236, 0, 0, 0, 22, 29, 287
"/Users/constantine/Documents/work/code/projects/ZhiYu/Sources/Features/AI/Chat/View/ChatWelcomeView.swift", "Swift", 0, 0, 0, 0, 0, 0, 0, 90, 0, 0, 0, 11, 10, 111
"/Users/constantine/Documents/work/code/projects/ZhiYu/Sources/Features/AI/Chat/View/Components/AIPulseIndicator.swift", "Swift", 0, 0, 0, 0, 0, 0, 0, 114, 0, 0, 0, 10, 14, 138
"/Users/constantine/Documents/work/code/projects/ZhiYu/Sources/Features/AI/Chat/View/Components/ChatComponents.swift", "Swift", 0, 0, 0, 0, 0, 0, 0, 275, 0, 0, 0, 36, 35, 346
"/Users/constantine/Documents/work/code/projects/ZhiYu/Sources/Features/AI/Quiz/View/QuizPresentationModifier.swift", "Swift", 0, 0, 0, 0, 0, 0, 0, 34, 0, 0, 0, 9, 6, 49
"/Users/constantine/Documents/work/code/projects/ZhiYu/Sources/Features/AI/Quiz/View/QuizView.swift", "Swift", 0, 0, 0, 0, 0, 0, 0, 234, 0, 0, 0, 27, 26, 287
"/Users/constantine/Documents/work/code/projects/ZhiYu/Sources/Features/AI/Synthesis/Model/SynthesisStore.swift", "Swift", 0, 0, 0, 0, 0, 0, 0, 258, 0, 0, 0, 14, 34, 306
"/Users/constantine/Documents/work/code/projects/ZhiYu/Sources/Features/AI/Synthesis/Service/AISynthesisService.swift", "Swift", 0, 0, 0, 0, 0, 0, 0, 154, 0, 0, 0, 23, 35, 212
"/Users/constantine/Documents/work/code/projects/ZhiYu/Sources/Features/AI/Synthesis/View/Components/ExportReportView.swift", "Swift", 0, 0, 0, 0, 0, 0, 0, 64, 0, 0, 0, 14, 12, 90
"/Users/constantine/Documents/work/code/projects/ZhiYu/Sources/Features/AI/Synthesis/View/Components/SynthesisActionButton.swift", "Swift", 0, 0, 0, 0, 0, 0, 0, 74, 0, 0, 0, 9, 13, 96
"/Users/constantine/Documents/work/code/projects/ZhiYu/Sources/Features/AI/Synthesis/View/Components/SynthesisDocRow.swift", "Swift", 0, 0, 0, 0, 0, 0, 0, 111, 0, 0, 0, 12, 14, 137
"/Users/constantine/Documents/work/code/projects/ZhiYu/Sources/Features/AI/Synthesis/View/PromptWorkshopView.swift", "Swift", 0, 0, 0, 0, 0, 0, 0, 108, 0, 0, 0, 17, 12, 137
"/Users/constantine/Documents/work/code/projects/ZhiYu/Sources/Features/AI/Synthesis/View/SynthesisView.swift", "Swift", 0, 0, 0, 0, 0, 0, 0, 543, 0, 0, 0, 17, 46, 606
"/Users/constantine/Documents/work/code/projects/ZhiYu/Sources/Features/AI/TaskCenter/Service/TaskCenter.swift", "Swift", 0, 0, 0, 0, 0, 0, 0, 189, 0, 0, 0, 15, 32, 236
"/Users/constantine/Documents/work/code/projects/ZhiYu/Sources/Features/AI/TaskCenter/View/TaskCenterView.swift", "Swift", 0, 0, 0, 0, 0, 0, 0, 401, 0, 0, 0, 18, 39, 458
"/Users/constantine/Documents/work/code/projects/ZhiYu/Sources/Features/AI/VoiceNote/View/Components/VoiceNoteComponents.swift", "Swift", 0, 0, 0, 0, 0, 0, 0, 146, 0, 0, 0, 15, 18, 179
"/Users/constantine/Documents/work/code/projects/ZhiYu/Sources/Features/AI/VoiceNote/View/VoiceNoteView.swift", "Swift", 0, 0, 0, 0, 0, 0, 0, 251, 0, 0, 0, 15, 32, 298
"/Users/constantine/Documents/work/code/projects/ZhiYu/Sources/Features/Insight/Dashboard/Coordinator/DashboardCoordinator.swift", "Swift", 0, 0, 0, 0, 0, 0, 0, 61, 0, 0, 0, 20, 16, 97
"/Users/constantine/Documents/work/code/projects/ZhiYu/Sources/Features/Insight/Dashboard/Coordinator/PageDetailCoordinator.swift", "Swift", 0, 0, 0, 0, 0, 0, 0, 86, 0, 0, 0, 11, 16, 113
"/Users/constantine/Documents/work/code/projects/ZhiYu/Sources/Features/Insight/Dashboard/Coordinator/TagCloudCoordinator.swift", "Swift", 0, 0, 0, 0, 0, 0, 0, 86, 0, 0, 0, 20, 18, 124
"/Users/constantine/Documents/work/code/projects/ZhiYu/Sources/Features/Insight/Dashboard/Model/DashboardModels.swift", "Swift", 0, 0, 0, 0, 0, 0, 0, 12, 0, 0, 0, 9, 4, 25
"/Users/constantine/Documents/work/code/projects/ZhiYu/Sources/Features/Insight/Dashboard/Service/KnowledgeInsightService.swift", "Swift", 0, 0, 0, 0, 0, 0, 0, 112, 0, 0, 0, 17, 24, 153
"/Users/constantine/Documents/work/code/projects/ZhiYu/Sources/Features/Insight/Dashboard/View/BacklinksView.swift", "Swift", 0, 0, 0, 0, 0, 0, 0, 110, 0, 0, 0, 12, 13, 135
"/Users/constantine/Documents/work/code/projects/ZhiYu/Sources/Features/Insight/Dashboard/View/Components/VaultInsightsPanel.swift", "Swift", 0, 0, 0, 0, 0, 0, 0, 103, 0, 0, 0, 7, 14, 124
"/Users/constantine/Documents/work/code/projects/ZhiYu/Sources/Features/Insight/Dashboard/View/Components/WeeklyInsightCard.swift", "Swift", 0, 0, 0, 0, 0, 0, 0, 223, 0, 0, 0, 19, 19, 261
"/Users/constantine/Documents/work/code/projects/ZhiYu/Sources/Features/Insight/Dashboard/View/CreatePageView.swift", "Swift", 0, 0, 0, 0, 0, 0, 0, 150, 0, 0, 0, 11, 27, 188
"/Users/constantine/Documents/work/code/projects/ZhiYu/Sources/Features/Insight/Dashboard/View/KnowledgeDashboardView.swift", "Swift", 0, 0, 0, 0, 0, 0, 0, 423, 0, 0, 0, 29, 43, 495
"/Users/constantine/Documents/work/code/projects/ZhiYu/Sources/Features/Insight/Dashboard/View/KnowledgePageListView.swift", "Swift", 0, 0, 0, 0, 0, 0, 0, 374, 0, 0, 0, 22, 39, 435
"/Users/constantine/Documents/work/code/projects/ZhiYu/Sources/Features/Insight/Dashboard/View/PageDetailView.swift", "Swift", 0, 0, 0, 0, 0, 0, 0, 271, 0, 0, 0, 13, 23, 307
"/Users/constantine/Documents/work/code/projects/ZhiYu/Sources/Features/Insight/Dashboard/View/Subviews/PageDetailAISection.swift", "Swift", 0, 0, 0, 0, 0, 0, 0, 61, 0, 0, 0, 9, 7, 77
"/Users/constantine/Documents/work/code/projects/ZhiYu/Sources/Features/Insight/Dashboard/View/Subviews/PageDetailContentSection.swift", "Swift", 0, 0, 0, 0, 0, 0, 0, 38, 0, 0, 0, 9, 5, 52
"/Users/constantine/Documents/work/code/projects/ZhiYu/Sources/Features/Insight/Dashboard/View/Subviews/PageDetailHeader.swift", "Swift", 0, 0, 0, 0, 0, 0, 0, 214, 0, 0, 0, 34, 23, 271
"/Users/constantine/Documents/work/code/projects/ZhiYu/Sources/Features/Insight/Dashboard/View/Subviews/PageDetailMetadataSection.swift", "Swift", 0, 0, 0, 0, 0, 0, 0, 117, 0, 0, 0, 9, 13, 139
"/Users/constantine/Documents/work/code/projects/ZhiYu/Sources/Features/Insight/Dashboard/View/Subviews/PageHistoryView.swift", "Swift", 0, 0, 0, 0, 0, 0, 0, 124, 0, 0, 0, 7, 10, 141
"/Users/constantine/Documents/work/code/projects/ZhiYu/Sources/Features/Insight/Dashboard/View/Subviews/RelatedPageDropDelegate.swift", "Swift", 0, 0, 0, 0, 0, 0, 0, 28, 0, 0, 0, 7, 8, 43
"/Users/constantine/Documents/work/code/projects/ZhiYu/Sources/Features/Insight/Dashboard/View/TagCloudView.swift", "Swift", 0, 0, 0, 0, 0, 0, 0, 345, 0, 0, 0, 37, 35, 417
"/Users/constantine/Documents/work/code/projects/ZhiYu/Sources/Features/Insight/InsightViewProvider.swift", "Swift", 0, 0, 0, 0, 0, 0, 0, 18, 0, 0, 0, 6, 4, 28
"/Users/constantine/Documents/work/code/projects/ZhiYu/Sources/Features/Insight/Lint/Model/LintIssue.swift", "Swift", 0, 0, 0, 0, 0, 0, 0, 68, 0, 0, 0, 12, 11, 91
"/Users/constantine/Documents/work/code/projects/ZhiYu/Sources/Features/Insight/Lint/Service/LintService.swift", "Swift", 0, 0, 0, 0, 0, 0, 0, 157, 0, 0, 0, 31, 25, 213
"/Users/constantine/Documents/work/code/projects/ZhiYu/Sources/Features/Insight/Lint/View/LintView.swift", "Swift", 0, 0, 0, 0, 0, 0, 0, 532, 0, 0, 0, 35, 68, 635
"/Users/constantine/Documents/work/code/projects/ZhiYu/Sources/Features/Insight/Log/View/LogView.swift", "Swift", 0, 0, 0, 0, 0, 0, 0, 299, 0, 0, 0, 22, 31, 352
"/Users/constantine/Documents/work/code/projects/ZhiYu/Sources/Features/Insight/MedalWall/Service/MedalService.swift", "Swift", 0, 0, 0, 0, 0, 0, 0, 93, 0, 0, 0, 17, 19, 129
"/Users/constantine/Documents/work/code/projects/ZhiYu/Sources/Features/Insight/MedalWall/View/Components/MedalComponents.swift", "Swift", 0, 0, 0, 0, 0, 0, 0, 126, 0, 0, 0, 12, 17, 155
"/Users/constantine/Documents/work/code/projects/ZhiYu/Sources/Features/Insight/MedalWall/View/MedalWallView.swift", "Swift", 0, 0, 0, 0, 0, 0, 0, 67, 0, 0, 0, 14, 12, 93
"/Users/constantine/Documents/work/code/projects/ZhiYu/Sources/Features/Knowledge/Graph/Model/GraphModels.swift", "Swift", 0, 0, 0, 0, 0, 0, 0, 17, 0, 0, 0, 10, 4, 31
"/Users/constantine/Documents/work/code/projects/ZhiYu/Sources/Features/Knowledge/Graph/Service/GraphClusteringService.swift", "Swift", 0, 0, 0, 0, 0, 0, 0, 67, 0, 0, 0, 18, 14, 99
"/Users/constantine/Documents/work/code/projects/ZhiYu/Sources/Features/Knowledge/Graph/Service/GraphDataProvider.swift", "Swift", 0, 0, 0, 0, 0, 0, 0, 10, 0, 0, 0, 12, 5, 27
"/Users/constantine/Documents/work/code/projects/ZhiYu/Sources/Features/Knowledge/Graph/Service/GraphInsightDetection.swift", "Swift", 0, 0, 0, 0, 0, 0, 0, 74, 0, 0, 0, 24, 19, 117
"/Users/constantine/Documents/work/code/projects/ZhiYu/Sources/Features/Knowledge/Graph/View/Components/Graph3DComponents.swift", "Swift", 0, 0, 0, 0, 0, 0, 0, 316, 0, 0, 0, 36, 35, 387
"/Users/constantine/Documents/work/code/projects/ZhiYu/Sources/Features/Knowledge/Graph/View/Components/GraphCanvasView.swift", "Swift", 0, 0, 0, 0, 0, 0, 0, 97, 0, 0, 0, 13, 15, 125
"/Users/constantine/Documents/work/code/projects/ZhiYu/Sources/Features/Knowledge/Graph/View/Components/GraphComponents.swift", "Swift", 0, 0, 0, 0, 0, 0, 0, 477, 0, 0, 0, 68, 57, 602
"/Users/constantine/Documents/work/code/projects/ZhiYu/Sources/Features/Knowledge/Graph/View/Components/GraphEmptyStateView.swift", "Swift", 0, 0, 0, 0, 0, 0, 0, 30, 0, 0, 0, 9, 6, 45
"/Users/constantine/Documents/work/code/projects/ZhiYu/Sources/Features/Knowledge/Graph/View/Components/GraphFilterPillsView.swift", "Swift", 0, 0, 0, 0, 0, 0, 0, 17, 0, 0, 0, 9, 4, 30
"/Users/constantine/Documents/work/code/projects/ZhiYu/Sources/Features/Knowledge/Graph/View/Components/GraphLOD.swift", "Swift", 0, 0, 0, 0, 0, 0, 0, 13, 0, 0, 0, 11, 4, 28
"/Users/constantine/Documents/work/code/projects/ZhiYu/Sources/Features/Knowledge/Graph/View/Graph3DView.swift", "Swift", 0, 0, 0, 0, 0, 0, 0, 466, 0, 0, 0, 18, 56, 540
"/Users/constantine/Documents/work/code/projects/ZhiYu/Sources/Features/Knowledge/Graph/View/GraphView.swift", "Swift", 0, 0, 0, 0, 0, 0, 0, 284, 0, 0, 0, 21, 20, 325
"/Users/constantine/Documents/work/code/projects/ZhiYu/Sources/Features/Knowledge/Graph/View/VisionProSpatialView.swift", "Swift", 0, 0, 0, 0, 0, 0, 0, 86, 0, 0, 0, 9, 15, 110
"/Users/constantine/Documents/work/code/projects/ZhiYu/Sources/Features/Knowledge/Graph/ViewModel/GraphViewModel.swift", "Swift", 0, 0, 0, 0, 0, 0, 0, 76, 0, 0, 0, 17, 15, 108
"/Users/constantine/Documents/work/code/projects/ZhiYu/Sources/Features/Knowledge/Ingest/Coordinator/IngestCoordinator.swift", "Swift", 0, 0, 0, 0, 0, 0, 0, 124, 0, 0, 0, 12, 16, 152
"/Users/constantine/Documents/work/code/projects/ZhiYu/Sources/Features/Knowledge/Ingest/Model/IngestStore.swift", "Swift", 0, 0, 0, 0, 0, 0, 0, 181, 0, 0, 0, 38, 40, 259
"/Users/constantine/Documents/work/code/projects/ZhiYu/Sources/Features/Knowledge/Ingest/Service/IngestQueue.swift", "Swift", 0, 0, 0, 0, 0, 0, 0, 56, 0, 0, 0, 15, 16, 87
"/Users/constantine/Documents/work/code/projects/ZhiYu/Sources/Features/Knowledge/Ingest/Service/IngestService.swift", "Swift", 0, 0, 0, 0, 0, 0, 0, 199, 0, 0, 0, 32, 34, 265
"/Users/constantine/Documents/work/code/projects/ZhiYu/Sources/Features/Knowledge/Ingest/View/ActivityRow.swift", "Swift", 0, 0, 0, 0, 0, 0, 0, 37, 0, 0, 0, 6, 3, 46
"/Users/constantine/Documents/work/code/projects/ZhiYu/Sources/Features/Knowledge/Ingest/View/Components/IngestViewComponents.swift", "Swift", 0, 0, 0, 0, 0, 0, 0, 556, 0, 0, 0, 52, 56, 664
"/Users/constantine/Documents/work/code/projects/ZhiYu/Sources/Features/Knowledge/Ingest/View/Components/OCRScanComponents.swift", "Swift", 0, 0, 0, 0, 0, 0, 0, 247, 0, 0, 0, 30, 31, 308
"/Users/constantine/Documents/work/code/projects/ZhiYu/Sources/Features/Knowledge/Ingest/View/Components/PDFComponents.swift", "Swift", 0, 0, 0, 0, 0, 0, 0, 281, 0, 0, 0, 24, 27, 332
"/Users/constantine/Documents/work/code/projects/ZhiYu/Sources/Features/Knowledge/Ingest/View/IngestView.swift", "Swift", 0, 0, 0, 0, 0, 0, 0, 196, 0, 0, 0, 11, 12, 219
"/Users/constantine/Documents/work/code/projects/ZhiYu/Sources/Features/Knowledge/Ingest/View/OCRScanView.swift", "Swift", 0, 0, 0, 0, 0, 0, 0, 160, 0, 0, 0, 14, 16, 190
"/Users/constantine/Documents/work/code/projects/ZhiYu/Sources/Features/Knowledge/Ingest/View/PDFReaderView.swift", "Swift", 0, 0, 0, 0, 0, 0, 0, 324, 0, 0, 0, 16, 38, 378
"/Users/constantine/Documents/work/code/projects/ZhiYu/Sources/Features/Knowledge/Ingest/View/SourceCardView.swift", "Swift", 0, 0, 0, 0, 0, 0, 0, 23, 0, 0, 0, 6, 3, 32
"/Users/constantine/Documents/work/code/projects/ZhiYu/Sources/Features/Knowledge/KnowledgeViewProvider.swift", "Swift", 0, 0, 0, 0, 0, 0, 0, 26, 0, 0, 0, 6, 4, 36
"/Users/constantine/Documents/work/code/projects/ZhiYu/Sources/Features/Knowledge/NotebookHub/Model/NotebookThemeConfig.swift", "Swift", 0, 0, 0, 0, 0, 0, 0, 15, 0, 0, 0, 0, 3, 18
"/Users/constantine/Documents/work/code/projects/ZhiYu/Sources/Features/Knowledge/NotebookHub/Model/NotebookThemeFactory.swift", "Swift", 0, 0, 0, 0, 0, 0, 0, 39, 0, 0, 0, 10, 6, 55
"/Users/constantine/Documents/work/code/projects/ZhiYu/Sources/Features/Knowledge/NotebookHub/View/Components/CreateNotebookButton.swift", "Swift", 0, 0, 0, 0, 0, 0, 0, 70, 0, 0, 0, 10, 15, 95
"/Users/constantine/Documents/work/code/projects/ZhiYu/Sources/Features/Knowledge/NotebookHub/View/Components/NotebookCard.swift", "Swift", 0, 0, 0, 0, 0, 0, 0, 71, 0, 0, 0, 24, 15, 110
"/Users/constantine/Documents/work/code/projects/ZhiYu/Sources/Features/Knowledge/NotebookHub/View/Components/NotebookCoverView.swift", "Swift", 0, 0, 0, 0, 0, 0, 0, 0, 0, 0, 0, 0, 1, 1
"/Users/constantine/Documents/work/code/projects/ZhiYu/Sources/Features/Knowledge/NotebookHub/View/Components/NotebookFormSheet.swift", "Swift", 0, 0, 0, 0, 0, 0, 0, 127, 0, 0, 0, 11, 15, 153
"/Users/constantine/Documents/work/code/projects/ZhiYu/Sources/Features/Knowledge/NotebookHub/View/Components/NotebookListRow.swift", "Swift", 0, 0, 0, 0, 0, 0, 0, 80, 0, 0, 0, 23, 16, 119
"/Users/constantine/Documents/work/code/projects/ZhiYu/Sources/Features/Knowledge/NotebookHub/View/NotebookHubView.swift", "Swift", 0, 0, 0, 0, 0, 0, 0, 173, 0, 0, 0, 19, 25, 217
"/Users/constantine/Documents/work/code/projects/ZhiYu/Sources/Features/Knowledge/NotebookHub/View/NotebookThemeBackgroundView.swift", "Swift", 0, 0, 0, 0, 0, 0, 0, 52, 0, 0, 0, 17, 9, 78
"/Users/constantine/Documents/work/code/projects/ZhiYu/Sources/Features/Knowledge/NotebookHub/ViewModel/NotebookHubViewModel.swift", "Swift", 0, 0, 0, 0, 0, 0, 0, 125, 0, 0, 0, 44, 39, 208
"/Users/constantine/Documents/work/code/projects/ZhiYu/Sources/Features/Knowledge/Search/Model/SearchDiagnosticInfo.swift", "Swift", 0, 0, 0, 0, 0, 0, 0, 31, 0, 0, 0, 10, 6, 47
"/Users/constantine/Documents/work/code/projects/ZhiYu/Sources/Features/Knowledge/Search/Model/SearchStore.swift", "Swift", 0, 0, 0, 0, 0, 0, 0, 62, 0, 0, 0, 12, 15, 89
"/Users/constantine/Documents/work/code/projects/ZhiYu/Sources/Features/Knowledge/Search/View/CommandPaletteView.swift", "Swift", 0, 0, 0, 0, 0, 0, 0, 87, 0, 0, 0, 16, 11, 114
"/Users/constantine/Documents/work/code/projects/ZhiYu/Sources/Features/Knowledge/Search/View/SearchView.swift", "Swift", 0, 0, 0, 0, 0, 0, 0, 429, 0, 0, 0, 30, 47, 506
"/Users/constantine/Documents/work/code/projects/ZhiYu/Sources/Features/Knowledge/SourceView/View/Components/SourceRow.swift", "Swift", 0, 0, 0, 0, 0, 0, 0, 49, 0, 0, 0, 6, 9, 64
"/Users/constantine/Documents/work/code/projects/ZhiYu/Sources/Features/Knowledge/SourceView/View/SourceView.swift", "Swift", 0, 0, 0, 0, 0, 0, 0, 60, 0, 0, 0, 7, 9, 76
"/Users/constantine/Documents/work/code/projects/ZhiYu/Sources/Features/Knowledge/System/Model/KnowledgeStore.swift", "Swift", 0, 0, 0, 0, 0, 0, 0, 169, 0, 0, 0, 42, 43, 254
"/Users/constantine/Documents/work/code/projects/ZhiYu/Sources/Features/Knowledge/System/Model/MediaStore.swift", "Swift", 0, 0, 0, 0, 0, 0, 0, 0, 0, 0, 0, 0, 1, 1
"/Users/constantine/Documents/work/code/projects/ZhiYu/Sources/Features/Knowledge/System/Model/TagStore.swift", "Swift", 0, 0, 0, 0, 0, 0, 0, 42, 0, 0, 0, 18, 13, 73
"/Users/constantine/Documents/work/code/projects/ZhiYu/Sources/Features/Knowledge/Vault/Model/Vault.swift", "Swift", 0, 0, 0, 0, 0, 0, 0, 37, 0, 0, 0, 10, 5, 52
"/Users/constantine/Documents/work/code/projects/ZhiYu/Sources/Features/Knowledge/Vault/Service/VaultService.swift", "Swift", 0, 0, 0, 0, 0, 0, 0, 189, 0, 0, 0, 104, 30, 323
"/Users/constantine/Documents/work/code/projects/ZhiYu/Sources/Features/System/Auth/Models/AuthSession.swift", "Swift", 0, 0, 0, 0, 0, 0, 0, 28, 0, 0, 0, 19, 12, 59
"/Users/constantine/Documents/work/code/projects/ZhiYu/Sources/Features/System/Auth/Models/User.swift", "Swift", 0, 0, 0, 0, 0, 0, 0, 13, 0, 0, 0, 12, 4, 29
"/Users/constantine/Documents/work/code/projects/ZhiYu/Sources/Features/System/Auth/Service/AuthService.swift", "Swift", 0, 0, 0, 0, 0, 0, 0, 64, 0, 0, 0, 27, 20, 111
"/Users/constantine/Documents/work/code/projects/ZhiYu/Sources/Features/System/Auth/View/AuthView.swift", "Swift", 0, 0, 0, 0, 0, 0, 0, 289, 0, 0, 0, 19, 42, 350
"/Users/constantine/Documents/work/code/projects/ZhiYu/Sources/Features/System/Collaboration/Model/CollaborationModels.swift", "Swift", 0, 0, 0, 0, 0, 0, 0, 51, 0, 0, 0, 11, 11, 73
"/Users/constantine/Documents/work/code/projects/ZhiYu/Sources/Features/System/Collaboration/Service/CollaborationService.swift", "Swift", 0, 0, 0, 0, 0, 0, 0, 212, 0, 0, 0, 22, 34, 268
"/Users/constantine/Documents/work/code/projects/ZhiYu/Sources/Features/System/Collaboration/View/CollaborationView.swift", "Swift", 0, 0, 0, 0, 0, 0, 0, 300, 0, 0, 0, 24, 30, 354
"/Users/constantine/Documents/work/code/projects/ZhiYu/Sources/Features/System/Collaboration/View/Components/CollaborationComponents.swift", "Swift", 0, 0, 0, 0, 0, 0, 0, 117, 0, 0, 0, 29, 18, 164
"/Users/constantine/Documents/work/code/projects/ZhiYu/Sources/Features/System/Settings/Coordinator/SystemStatsCoordinator.swift", "Swift", 0, 0, 0, 0, 0, 0, 0, 165, 0, 0, 0, 22, 28, 215
"/Users/constantine/Documents/work/code/projects/ZhiYu/Sources/Features/System/Settings/Model/SettingsStore.swift", "Swift", 0, 0, 0, 0, 0, 0, 0, 73, 0, 0, 0, 14, 13, 100
"/Users/constantine/Documents/work/code/projects/ZhiYu/Sources/Features/System/Settings/Model/SystemStatsModels.swift", "Swift", 0, 0, 0, 0, 0, 0, 0, 36, 0, 0, 0, 11, 8, 55
"/Users/constantine/Documents/work/code/projects/ZhiYu/Sources/Features/System/Settings/View/BackupView.swift", "Swift", 0, 0, 0, 0, 0, 0, 0, 163, 0, 0, 0, 17, 17, 197
"/Users/constantine/Documents/work/code/projects/ZhiYu/Sources/Features/System/Settings/View/Components/OnDeviceComponents.swift", "Swift", 0, 0, 0, 0, 0, 0, 0, 263, 0, 0, 0, 34, 38, 335
"/Users/constantine/Documents/work/code/projects/ZhiYu/Sources/Features/System/Settings/View/Components/PerformanceDashboardView.swift", "Swift", 0, 0, 0, 0, 0, 0, 0, 146, 0, 0, 0, 18, 16, 180
"/Users/constantine/Documents/work/code/projects/ZhiYu/Sources/Features/System/Settings/View/Components/PluginSettingsGenerator.swift", "Swift", 0, 0, 0, 0, 0, 0, 0, 87, 0, 0, 0, 11, 10, 108
"/Users/constantine/Documents/work/code/projects/ZhiYu/Sources/Features/System/Settings/View/Components/PluginStatsSection.swift", "Swift", 0, 0, 0, 0, 0, 0, 0, 67, 0, 0, 0, 8, 14, 89
"/Users/constantine/Documents/work/code/projects/ZhiYu/Sources/Features/System/Settings/View/Components/SettingsComponents.swift", "Swift", 0, 0, 0, 0, 0, 0, 0, 107, 0, 0, 0, 23, 17, 147
"/Users/constantine/Documents/work/code/projects/ZhiYu/Sources/Features/System/Settings/View/Components/iCloudSyncComponents.swift", "Swift", 0, 0, 0, 0, 0, 0, 0, 117, 0, 0, 0, 28, 23, 168
"/Users/constantine/Documents/work/code/projects/ZhiYu/Sources/Features/System/Settings/View/DeveloperSettingsView.swift", "Swift", 0, 0, 0, 0, 0, 0, 0, 252, 0, 0, 0, 21, 29, 302
"/Users/constantine/Documents/work/code/projects/ZhiYu/Sources/Features/System/Settings/View/LLMSettingsView.swift", "Swift", 0, 0, 0, 0, 0, 0, 0, 291, 0, 0, 0, 17, 17, 325
"/Users/constantine/Documents/work/code/projects/ZhiYu/Sources/Features/System/Settings/View/OnDeviceLLMSettingsView.swift", "Swift", 0, 0, 0, 0, 0, 0, 0, 316, 0, 0, 0, 38, 40, 394
"/Users/constantine/Documents/work/code/projects/ZhiYu/Sources/Features/System/Settings/View/PluginCenterView.swift", "Swift", 0, 0, 0, 0, 0, 0, 0, 194, 0, 0, 0, 21, 23, 238
"/Users/constantine/Documents/work/code/projects/ZhiYu/Sources/Features/System/Settings/View/PluginDetailView.swift", "Swift", 0, 0, 0, 0, 0, 0, 0, 237, 0, 0, 0, 14, 42, 293
"/Users/constantine/Documents/work/code/projects/ZhiYu/Sources/Features/System/Settings/View/SettingsView.swift", "Swift", 0, 0, 0, 0, 0, 0, 0, 165, 0, 0, 0, 11, 25, 201
"/Users/constantine/Documents/work/code/projects/ZhiYu/Sources/Features/System/Settings/View/SystemStatsView.swift", "Swift", 0, 0, 0, 0, 0, 0, 0, 536, 0, 0, 0, 30, 63, 629
"/Users/constantine/Documents/work/code/projects/ZhiYu/Sources/Features/System/Settings/View/iCloudSyncView.swift", "Swift", 0, 0, 0, 0, 0, 0, 0, 123, 0, 0, 0, 16, 9, 148
"/Users/constantine/Documents/work/code/projects/ZhiYu/Sources/Features/System/SystemViewProvider.swift", "Swift", 0, 0, 0, 0, 0, 0, 0, 20, 0, 0, 0, 6, 4, 30
"/Users/constantine/Documents/work/code/projects/ZhiYu/Sources/Infrastructure/LLM/AIAnalyticsService.swift", "Swift", 0, 0, 0, 0, 0, 0, 0, 27, 0, 0, 0, 13, 11, 51
"/Users/constantine/Documents/work/code/projects/ZhiYu/Sources/Infrastructure/LLM/ChatLLMService.swift", "Swift", 0, 0, 0, 0, 0, 0, 0, 0, 0, 0, 0, 0, 1, 1
"/Users/constantine/Documents/work/code/projects/ZhiYu/Sources/Infrastructure/LLM/IngestLLMService.swift", "Swift", 0, 0, 0, 0, 0, 0, 0, 0, 0, 0, 0, 0, 1, 1
"/Users/constantine/Documents/work/code/projects/ZhiYu/Sources/Infrastructure/LLM/LLMAdapters.swift", "Swift", 0, 0, 0, 0, 0, 0, 0, 62, 0, 0, 0, 12, 11, 85
"/Users/constantine/Documents/work/code/projects/ZhiYu/Sources/Infrastructure/LLM/LLMChatService.swift", "Swift", 0, 0, 0, 0, 0, 0, 0, 64, 0, 0, 0, 18, 19, 101
"/Users/constantine/Documents/work/code/projects/ZhiYu/Sources/Infrastructure/LLM/LLMClient.swift", "Swift", 0, 0, 0, 0, 0, 0, 0, 127, 0, 0, 0, 38, 38, 203
"/Users/constantine/Documents/work/code/projects/ZhiYu/Sources/Infrastructure/LLM/LLMConfigManager.swift", "Swift", 0, 0, 0, 0, 0, 0, 0, 56, 0, 0, 0, 13, 11, 80
"/Users/constantine/Documents/work/code/projects/ZhiYu/Sources/Infrastructure/LLM/LLMContextBuilder.swift", "Swift", 0, 0, 0, 0, 0, 0, 0, 181, 0, 0, 0, 35, 43, 259
"/Users/constantine/Documents/work/code/projects/ZhiYu/Sources/Infrastructure/LLM/LLMIngestService.swift", "Swift", 0, 0, 0, 0, 0, 0, 0, 35, 0, 0, 0, 12, 7, 54
"/Users/constantine/Documents/work/code/projects/ZhiYu/Sources/Infrastructure/LLM/LLMModels.swift", "Swift", 0, 0, 0, 0, 0, 0, 0, 209, 0, 0, 0, 42, 34, 285
"/Users/constantine/Documents/work/code/projects/ZhiYu/Sources/Infrastructure/LLM/LLMProtocols.swift", "Swift", 0, 0, 0, 0, 0, 0, 0, 12, 0, 0, 0, 14, 6, 32
"/Users/constantine/Documents/work/code/projects/ZhiYu/Sources/Infrastructure/LLM/LLMProviders.json", "JSON", 58, 0, 0, 0, 0, 0, 0, 0, 0, 0, 0, 0, 1, 59
"/Users/constantine/Documents/work/code/projects/ZhiYu/Sources/Infrastructure/LLM/LLMRefactorService.swift", "Swift", 0, 0, 0, 0, 0, 0, 0, 64, 0, 0, 0, 17, 24, 105
"/Users/constantine/Documents/work/code/projects/ZhiYu/Sources/Infrastructure/LLM/LLMRetrievalService.swift", "Swift", 0, 0, 0, 0, 0, 0, 0, 116, 0, 0, 0, 19, 28, 163
"/Users/constantine/Documents/work/code/projects/ZhiYu/Sources/Infrastructure/LLM/LLMService.swift", "Swift", 0, 0, 0, 0, 0, 0, 0, 216, 0, 0, 0, 157, 73, 446
"/Users/constantine/Documents/work/code/projects/ZhiYu/Sources/Infrastructure/LLM/OnDeviceLLMService.swift", "Swift", 0, 0, 0, 0, 0, 0, 0, 286, 0, 0, 0, 71, 73, 430
"/Users/constantine/Documents/work/code/projects/ZhiYu/Sources/Infrastructure/LLM/PromptService.swift", "Swift", 0, 0, 0, 0, 0, 0, 0, 101, 0, 0, 0, 20, 29, 150
"/Users/constantine/Documents/work/code/projects/ZhiYu/Sources/Infrastructure/LLM/RerankService.swift", "Swift", 0, 0, 0, 0, 0, 0, 0, 24, 0, 0, 0, 21, 9, 54
"/Users/constantine/Documents/work/code/projects/ZhiYu/Sources/Infrastructure/Models/GovernanceModels.swift", "Swift", 0, 0, 0, 0, 0, 0, 0, 130, 0, 0, 0, 14, 17, 161
"/Users/constantine/Documents/work/code/projects/ZhiYu/Sources/Infrastructure/Models/PDFModels.swift", "Swift", 0, 0, 0, 0, 0, 0, 0, 53, 0, 0, 0, 12, 8, 73
"/Users/constantine/Documents/work/code/projects/ZhiYu/Sources/Infrastructure/Models/SpeechModels.swift", "Swift", 0, 0, 0, 0, 0, 0, 0, 29, 0, 0, 0, 10, 6, 45
"/Users/constantine/Documents/work/code/projects/ZhiYu/Sources/Infrastructure/Performance/PerformanceBenchmarker.swift", "Swift", 0, 0, 0, 0, 0, 0, 0, 43, 0, 0, 0, 14, 13, 70
"/Users/constantine/Documents/work/code/projects/ZhiYu/Sources/Infrastructure/Plugins/JavaScriptPlugin.swift", "Swift", 0, 0, 0, 0, 0, 0, 0, 207, 0, 0, 0, 22, 41, 270
"/Users/constantine/Documents/work/code/projects/ZhiYu/Sources/Infrastructure/Plugins/PluginMarketService.swift", "Swift", 0, 0, 0, 0, 0, 0, 0, 105, 0, 0, 0, 20, 27, 152
"/Users/constantine/Documents/work/code/projects/ZhiYu/Sources/Infrastructure/Plugins/PluginProtocols.swift", "Swift", 0, 0, 0, 0, 0, 0, 0, 107, 0, 0, 0, 41, 33, 181
"/Users/constantine/Documents/work/code/projects/ZhiYu/Sources/Infrastructure/Plugins/PluginRegistry.swift", "Swift", 0, 0, 0, 0, 0, 0, 0, 286, 0, 0, 0, 51, 71, 408
"/Users/constantine/Documents/work/code/projects/ZhiYu/Sources/Infrastructure/Plugins/PluginSandboxGateway.swift", "Swift", 0, 0, 0, 0, 0, 0, 0, 58, 0, 0, 0, 31, 14, 103
"/Users/constantine/Documents/work/code/projects/ZhiYu/Sources/Infrastructure/Processors/Document/DocumentProcessor.swift", "Swift", 0, 0, 0, 0, 0, 0, 0, 89, 0, 0, 0, 17, 18, 124
"/Users/constantine/Documents/work/code/projects/ZhiYu/Sources/Infrastructure/Processors/Document/DocxProcessor.swift", "Swift", 0, 0, 0, 0, 0, 0, 0, 45, 0, 0, 0, 11, 7, 63
"/Users/constantine/Documents/work/code/projects/ZhiYu/Sources/Infrastructure/Processors/Document/ExcelProcessor.swift", "Swift", 0, 0, 0, 0, 0, 0, 0, 46, 0, 0, 0, 11, 7, 64
"/Users/constantine/Documents/work/code/projects/ZhiYu/Sources/Infrastructure/Processors/Document/MarkdownProcessor.swift", "Swift", 0, 0, 0, 0, 0, 0, 0, 351, 0, 0, 0, 186, 96, 633
"/Users/constantine/Documents/work/code/projects/ZhiYu/Sources/Infrastructure/Processors/Document/PPTXProcessor.swift", "Swift", 0, 0, 0, 0, 0, 0, 0, 146, 0, 0, 0, 18, 22, 186
"/Users/constantine/Documents/work/code/projects/ZhiYu/Sources/Infrastructure/Processors/Document/TextChunkerProcessor.swift", "Swift", 0, 0, 0, 0, 0, 0, 0, 69, 0, 0, 0, 23, 16, 108
"/Users/constantine/Documents/work/code/projects/ZhiYu/Sources/Infrastructure/Processors/Document/XlsxStringsProcessor.swift", "Swift", 0, 0, 0, 0, 0, 0, 0, 33, 0, 0, 0, 9, 8, 50
"/Users/constantine/Documents/work/code/projects/ZhiYu/Sources/Infrastructure/Processors/Graph/GraphCommunityProcessor.swift", "Swift", 0, 0, 0, 0, 0, 0, 0, 234, 0, 0, 0, 27, 41, 302
"/Users/constantine/Documents/work/code/projects/ZhiYu/Sources/Infrastructure/Processors/Graph/GraphLayoutProcessor.swift", "Swift", 0, 0, 0, 0, 0, 0, 0, 233, 0, 0, 0, 39, 44, 316
"/Users/constantine/Documents/work/code/projects/ZhiYu/Sources/Infrastructure/Processors/Network/WebScraperProcessor.swift", "Swift", 0, 0, 0, 0, 0, 0, 0, 76, 0, 0, 0, 16, 15, 107
"/Users/constantine/Documents/work/code/projects/ZhiYu/Sources/Infrastructure/Processors/Synthesis/QuizProcessor.swift", "Swift", 0, 0, 0, 0, 0, 0, 0, 66, 0, 0, 0, 15, 11, 92
"/Users/constantine/Documents/work/code/projects/ZhiYu/Sources/Infrastructure/Processors/Synthesis/SynthesisProcessor.swift", "Swift", 0, 0, 0, 0, 0, 0, 0, 121, 0, 0, 0, 38, 27, 186
"/Users/constantine/Documents/work/code/projects/ZhiYu/Sources/Infrastructure/Storage/Engine/SQLiteStore.swift", "Swift", 0, 0, 0, 0, 0, 0, 0, 181, 0, 0, 0, 36, 47, 264
"/Users/constantine/Documents/work/code/projects/ZhiYu/Sources/Infrastructure/Storage/Export/WebViewExportService.swift", "Swift", 0, 0, 0, 0, 0, 0, 0, 16, 0, 0, 0, 13, 9, 38
"/Users/constantine/Documents/work/code/projects/ZhiYu/Sources/Infrastructure/Storage/Persistence/DatabaseManager.swift", "Swift", 0, 0, 0, 0, 0, 0, 0, 292, 0, 0, 0, 136, 67, 495
"/Users/constantine/Documents/work/code/projects/ZhiYu/Sources/Infrastructure/Storage/Repositories/AIGovernanceRepository.swift", "Swift", 0, 0, 0, 0, 0, 0, 0, 126, 0, 0, 0, 13, 25, 164
"/Users/constantine/Documents/work/code/projects/ZhiYu/Sources/Infrastructure/Storage/Repositories/KnowledgePageRepository.swift", "Swift", 0, 0, 0, 0, 0, 0, 0, 157, 0, 0, 0, 27, 32, 216
"/Users/constantine/Documents/work/code/projects/ZhiYu/Sources/Infrastructure/Storage/Repositories/SQLiteFileSignatureRepository.swift", "Swift", 0, 0, 0, 0, 0, 0, 0, 43, 0, 0, 0, 16, 12, 71
"/Users/constantine/Documents/work/code/projects/ZhiYu/Sources/Infrastructure/Storage/Repositories/SQLiteVaultRepository.swift", "Swift", 0, 0, 0, 0, 0, 0, 0, 73, 0, 0, 0, 17, 14, 104
"/Users/constantine/Documents/work/code/projects/ZhiYu/Sources/Infrastructure/Storage/Repositories/VectorDataRepository.swift", "Swift", 0, 0, 0, 0, 0, 0, 0, 67, 0, 0, 0, 14, 14, 95
"/Users/constantine/Documents/work/code/projects/ZhiYu/Sources/Infrastructure/Storage/Search/SpotlightService.swift", "Swift", 0, 0, 0, 0, 0, 0, 0, 22, 0, 0, 0, 16, 11, 49
"/Users/constantine/Documents/work/code/projects/ZhiYu/Sources/Infrastructure/Storage/Services/AppBackupService.swift", "Swift", 0, 0, 0, 0, 0, 0, 0, 208, 0, 0, 0, 29, 37, 274
"/Users/constantine/Documents/work/code/projects/ZhiYu/Sources/Infrastructure/Storage/Services/MaintenanceService.swift", "Swift", 0, 0, 0, 0, 0, 0, 0, 46, 0, 0, 0, 19, 14, 79
"/Users/constantine/Documents/work/code/projects/ZhiYu/Sources/Infrastructure/Storage/Services/SchemaService.swift", "Swift", 0, 0, 0, 0, 0, 0, 0, 29, 0, 0, 0, 14, 5, 48
"/Users/constantine/Documents/work/code/projects/ZhiYu/Sources/Infrastructure/Storage/Services/UndoService.swift", "Swift", 0, 0, 0, 0, 0, 0, 0, 40, 0, 0, 0, 20, 9, 69
"/Users/constantine/Documents/work/code/projects/ZhiYu/Sources/Infrastructure/Storage/Services/VaultStorageSecurityService.swift", "Swift", 0, 0, 0, 0, 0, 0, 0, 69, 0, 0, 0, 19, 14, 102
"/Users/constantine/Documents/work/code/projects/ZhiYu/Sources/Infrastructure/Storage/Services/VaultStorageService.swift", "Swift", 0, 0, 0, 0, 0, 0, 0, 60, 0, 0, 0, 13, 15, 88
"/Users/constantine/Documents/work/code/projects/ZhiYu/Sources/Infrastructure/Storage/Sync/AppCloudSyncService.swift", "Swift", 0, 0, 0, 0, 0, 0, 0, 347, 0, 0, 0, 141, 86, 574
"/Users/constantine/Documents/work/code/projects/ZhiYu/Sources/Infrastructure/Storage/Sync/DataCoordinator.swift", "Swift", 0, 0, 0, 0, 0, 0, 0, 31, 0, 0, 0, 20, 10, 61
"/Users/constantine/Documents/work/code/projects/ZhiYu/Sources/Infrastructure/Storage/Sync/FileSystemSyncService.swift", "Swift", 0, 0, 0, 0, 0, 0, 0, 29, 0, 0, 0, 15, 11, 55
"/Users/constantine/Documents/work/code/projects/ZhiYu/Sources/Infrastructure/Storage/Sync/iCloudSyncCoordinator.swift", "Swift", 0, 0, 0, 0, 0, 0, 0, 152, 0, 0, 0, 16, 25, 193
"/Users/constantine/Documents/work/code/projects/ZhiYu/Sources/Infrastructure/Storage/Sync/iCloudSyncManager.swift", "Swift", 0, 0, 0, 0, 0, 0, 0, 34, 0, 0, 0, 17, 10, 61
"/Users/constantine/Documents/work/code/projects/ZhiYu/Sources/Infrastructure/Storage/Utility/DemoDataGenerator.swift", "Swift", 0, 0, 0, 0, 0, 0, 0, 89, 0, 0, 0, 30, 22, 141
"/Users/constantine/Documents/work/code/projects/ZhiYu/Sources/Infrastructure/VectorDB/EmbeddingManager.swift", "Swift", 0, 0, 0, 0, 0, 0, 0, 221, 0, 0, 0, 87, 63, 371
"/Users/constantine/Documents/work/code/projects/ZhiYu/Sources/Infrastructure/VectorDB/VectorIndexer.swift", "Swift", 0, 0, 0, 0, 0, 0, 0, 11, 0, 0, 0, 13, 6, 30
"/Users/constantine/Documents/work/code/projects/ZhiYu/Sources/Localization/Extensions/L10n+AI.swift", "Swift", 0, 0, 0, 0, 0, 0, 0, 296, 0, 0, 0, 11, 38, 345
"/Users/constantine/Documents/work/code/projects/ZhiYu/Sources/Localization/Extensions/L10n+Accessibility.swift", "Swift", 0, 0, 0, 0, 0, 0, 0, 14, 0, 0, 0, 12, 4, 30
"/Users/constantine/Documents/work/code/projects/ZhiYu/Sources/Localization/Extensions/L10n+Action.swift", "Swift", 0, 0, 0, 0, 0, 0, 0, 17, 0, 0, 0, 5, 4, 26
"/Users/constantine/Documents/work/code/projects/ZhiYu/Sources/Localization/Extensions/L10n+Auth.swift", "Swift", 0, 0, 0, 0, 0, 0, 0, 19, 0, 0, 0, 5, 3, 27
"/Users/constantine/Documents/work/code/projects/ZhiYu/Sources/Localization/Extensions/L10n+Backup.swift", "Swift", 0, 0, 0, 0, 0, 0, 0, 30, 0, 0, 0, 5, 4, 39
"/Users/constantine/Documents/work/code/projects/ZhiYu/Sources/Localization/Extensions/L10n+Chat.swift", "Swift", 0, 0, 0, 0, 0, 0, 0, 37, 0, 0, 0, 23, 13, 73
"/Users/constantine/Documents/work/code/projects/ZhiYu/Sources/Localization/Extensions/L10n+Coachmark.swift", "Swift", 0, 0, 0, 0, 0, 0, 0, 10, 0, 0, 0, 8, 6, 24
"/Users/constantine/Documents/work/code/projects/ZhiYu/Sources/Localization/Extensions/L10n+Collaboration.swift", "Swift", 0, 0, 0, 0, 0, 0, 0, 58, 0, 0, 0, 5, 7, 70
"/Users/constantine/Documents/work/code/projects/ZhiYu/Sources/Localization/Extensions/L10n+Common.swift", "Swift", 0, 0, 0, 0, 0, 0, 0, 253, 0, 0, 0, 10, 26, 289
"/Users/constantine/Documents/work/code/projects/ZhiYu/Sources/Localization/Extensions/L10n+Components.swift", "Swift", 0, 0, 0, 0, 0, 0, 0, 10, 0, 0, 0, 5, 3, 18
"/Users/constantine/Documents/work/code/projects/ZhiYu/Sources/Localization/Extensions/L10n+CoreModels.swift", "Swift", 0, 0, 0, 0, 0, 0, 0, 26, 0, 0, 0, 5, 6, 37
"/Users/constantine/Documents/work/code/projects/ZhiYu/Sources/Localization/Extensions/L10n+Creation.swift", "Swift", 0, 0, 0, 0, 0, 0, 0, 45, 0, 0, 0, 5, 5, 55
"/Users/constantine/Documents/work/code/projects/ZhiYu/Sources/Localization/Extensions/L10n+Dashboard.swift", "Swift", 0, 0, 0, 0, 0, 0, 0, 134, 0, 0, 0, 43, 26, 203
"/Users/constantine/Documents/work/code/projects/ZhiYu/Sources/Localization/Extensions/L10n+Editor.swift", "Swift", 0, 0, 0, 0, 0, 0, 0, 34, 0, 0, 0, 5, 4, 43
"/Users/constantine/Documents/work/code/projects/ZhiYu/Sources/Localization/Extensions/L10n+Graph.swift", "Swift", 0, 0, 0, 0, 0, 0, 0, 58, 0, 0, 0, 34, 20, 112
"/Users/constantine/Documents/work/code/projects/ZhiYu/Sources/Localization/Extensions/L10n+ICloud.swift", "Swift", 0, 0, 0, 0, 0, 0, 0, 33, 0, 0, 0, 5, 6, 44
"/Users/constantine/Documents/work/code/projects/ZhiYu/Sources/Localization/Extensions/L10n+Ingest.swift", "Swift", 0, 0, 0, 0, 0, 0, 0, 131, 0, 0, 0, 30, 21, 182
"/Users/constantine/Documents/work/code/projects/ZhiYu/Sources/Localization/Extensions/L10n+Insight.swift", "Swift", 0, 0, 0, 0, 0, 0, 0, 41, 0, 0, 0, 5, 10, 56
"/Users/constantine/Documents/work/code/projects/ZhiYu/Sources/Localization/Extensions/L10n+Knowledge.swift", "Swift", 0, 0, 0, 0, 0, 0, 0, 77, 0, 0, 0, 5, 10, 92
"/Users/constantine/Documents/work/code/projects/ZhiYu/Sources/Localization/Extensions/L10n+Lint.swift", "Swift", 0, 0, 0, 0, 0, 0, 0, 54, 0, 0, 0, 5, 5, 64
"/Users/constantine/Documents/work/code/projects/ZhiYu/Sources/Localization/Extensions/L10n+Log.swift", "Swift", 0, 0, 0, 0, 0, 0, 0, 13, 0, 0, 0, 5, 3, 21
"/Users/constantine/Documents/work/code/projects/ZhiYu/Sources/Localization/Extensions/L10n+Onboarding.swift", "Swift", 0, 0, 0, 0, 0, 0, 0, 47, 0, 0, 0, 5, 9, 61
"/Users/constantine/Documents/work/code/projects/ZhiYu/Sources/Localization/Extensions/L10n+Plugin.swift", "Swift", 0, 0, 0, 0, 0, 0, 0, 116, 0, 0, 0, 6, 19, 141
"/Users/constantine/Documents/work/code/projects/ZhiYu/Sources/Localization/Extensions/L10n+Quiz.swift", "Swift", 0, 0, 0, 0, 0, 0, 0, 21, 0, 0, 0, 5, 5, 31
"/Users/constantine/Documents/work/code/projects/ZhiYu/Sources/Localization/Extensions/L10n+Reminder.swift", "Swift", 0, 0, 0, 0, 0, 0, 0, 8, 0, 0, 0, 14, 5, 27
"/Users/constantine/Documents/work/code/projects/ZhiYu/Sources/Localization/Extensions/L10n+Schema.swift", "Swift", 0, 0, 0, 0, 0, 0, 0, 24, 0, 0, 0, 5, 3, 32
"/Users/constantine/Documents/work/code/projects/ZhiYu/Sources/Localization/Extensions/L10n+Search.swift", "Swift", 0, 0, 0, 0, 0, 0, 0, 28, 0, 0, 0, 5, 7, 40
"/Users/constantine/Documents/work/code/projects/ZhiYu/Sources/Localization/Extensions/L10n+Security.swift", "Swift", 0, 0, 0, 0, 0, 0, 0, 20, 0, 0, 0, 13, 9, 42
"/Users/constantine/Documents/work/code/projects/ZhiYu/Sources/Localization/Extensions/L10n+Settings.swift", "Swift", 0, 0, 0, 0, 0, 0, 0, 87, 0, 0, 0, 14, 16, 117
"/Users/constantine/Documents/work/code/projects/ZhiYu/Sources/Localization/Extensions/L10n+Shortcuts.swift", "Swift", 0, 0, 0, 0, 0, 0, 0, 52, 0, 0, 0, 5, 16, 73
"/Users/constantine/Documents/work/code/projects/ZhiYu/Sources/Localization/Extensions/L10n+Tag.swift", "Swift", 0, 0, 0, 0, 0, 0, 0, 35, 0, 0, 0, 5, 9, 49
"/Users/constantine/Documents/work/code/projects/ZhiYu/Sources/Localization/Extensions/L10n+Transfer.swift", "Swift", 0, 0, 0, 0, 0, 0, 0, 11, 0, 0, 0, 5, 3, 19
"/Users/constantine/Documents/work/code/projects/ZhiYu/Sources/Localization/Extensions/L10n+Vault.swift", "Swift", 0, 0, 0, 0, 0, 0, 0, 44, 0, 0, 0, 9, 8, 61
"/Users/constantine/Documents/work/code/projects/ZhiYu/Sources/Localization/Extensions/L10n+Voice.swift", "Swift", 0, 0, 0, 0, 0, 0, 0, 59, 0, 0, 0, 5, 7, 71
"/Users/constantine/Documents/work/code/projects/ZhiYu/Sources/Localization/Extensions/L10n+Watch.swift", "Swift", 0, 0, 0, 0, 0, 0, 0, 12, 0, 0, 0, 5, 3, 20
"/Users/constantine/Documents/work/code/projects/ZhiYu/Sources/Localization/Extensions/L10n+Widget.swift", "Swift", 0, 0, 0, 0, 0, 0, 0, 16, 0, 0, 0, 5, 3, 24
"/Users/constantine/Documents/work/code/projects/ZhiYu/Sources/Localization/Extensions/L10n+Workflow.swift", "Swift", 0, 0, 0, 0, 0, 0, 0, 14, 0, 0, 0, 32, 11, 57
"/Users/constantine/Documents/work/code/projects/ZhiYu/Sources/Platforms/Shared/DummyActivityService.swift", "Swift", 0, 0, 0, 0, 0, 0, 0, 9, 0, 0, 0, 11, 5, 25
"/Users/constantine/Documents/work/code/projects/ZhiYu/Sources/Platforms/Shared/WidgetAndWatchViews.swift", "Swift", 0, 0, 0, 0, 0, 0, 0, 150, 0, 0, 0, 17, 22, 189
"/Users/constantine/Documents/work/code/projects/ZhiYu/Sources/Platforms/iOS/Activity/AIProcessingAttributes.swift", "Swift", 0, 0, 0, 0, 0, 0, 0, 22, 0, 0, 0, 14, 6, 42
"/Users/constantine/Documents/work/code/projects/ZhiYu/Sources/Platforms/iOS/ActivityService.swift", "Swift", 0, 0, 0, 0, 0, 0, 0, 60, 0, 0, 0, 14, 16, 90
"/Users/constantine/Documents/work/code/projects/ZhiYu/Sources/Platforms/iOS/Collaboration/MCSessionDelegateImpl.swift", "Swift", 0, 0, 0, 0, 0, 0, 0, 95, 0, 0, 0, 13, 19, 127
"/Users/constantine/Documents/work/code/projects/ZhiYu/Sources/Platforms/iOS/Collaboration/MultipeerCollaborationProvider.swift", "Swift", 0, 0, 0, 0, 0, 0, 0, 102, 0, 0, 0, 6, 17, 125
"/Users/constantine/Documents/work/code/projects/ZhiYu/Sources/Platforms/iOS/Extensions/UINavigationController+PopGesture.swift", "Swift", 0, 0, 0, 0, 0, 0, 0, 13, 0, 0, 0, 14, 5, 32
"/Users/constantine/Documents/work/code/projects/ZhiYu/Sources/Platforms/iOS/PencilManager.swift", "Swift", 0, 0, 0, 0, 0, 0, 0, 35, 0, 0, 0, 14, 8, 57
"/Users/constantine/Documents/work/code/projects/ZhiYu/Sources/Platforms/iOS/Views/PDFKitRepresentedView.swift", "Swift", 0, 0, 0, 0, 0, 0, 0, 45, 0, 0, 0, 7, 12, 64
"/Users/constantine/Documents/work/code/projects/ZhiYu/Sources/Platforms/iOS/Widgets/AIProcessingActivityWidget.swift", "Swift", 0, 0, 0, 0, 0, 0, 0, 93, 0, 0, 0, 19, 15, 127
"/Users/constantine/Documents/work/code/projects/ZhiYu/Sources/Platforms/iOS/Widgets/ZhiYuWidgetBundle.swift", "Swift", 0, 0, 0, 0, 0, 0, 0, 8, 0, 0, 0, 9, 4, 21
"/Users/constantine/Documents/work/code/projects/ZhiYu/Sources/Platforms/iOS/iOSBackgroundTaskProvider.swift", "Swift", 0, 0, 0, 0, 0, 0, 0, 24, 0, 0, 0, 7, 6, 37
"/Users/constantine/Documents/work/code/projects/ZhiYu/Sources/Platforms/iOS/iOSExportService.swift", "Swift", 0, 0, 0, 0, 0, 0, 0, 219, 0, 0, 0, 8, 40, 267
"/Users/constantine/Documents/work/code/projects/ZhiYu/Sources/Platforms/iOS/iOSFileArchiver.swift", "Swift", 0, 0, 0, 0, 0, 0, 0, 10, 0, 0, 0, 7, 3, 20
"/Users/constantine/Documents/work/code/projects/ZhiYu/Sources/Platforms/iOS/iOSOCRService.swift", "Swift", 0, 0, 0, 0, 0, 0, 0, 48, 0, 0, 0, 9, 11, 68
"/Users/constantine/Documents/work/code/projects/ZhiYu/Sources/Platforms/iOS/iOSPDFService.swift", "Swift", 0, 0, 0, 0, 0, 0, 0, 76, 0, 0, 0, 11, 17, 104
"/Users/constantine/Documents/work/code/projects/ZhiYu/Sources/Platforms/iOS/iOSPasteboardService.swift", "Swift", 0, 0, 0, 0, 0, 0, 0, 14, 0, 0, 0, 9, 4, 27
"/Users/constantine/Documents/work/code/projects/ZhiYu/Sources/Platforms/iOS/iOSPlatformCapabilities.swift", "Swift", 0, 0, 0, 0, 0, 0, 0, 31, 0, 0, 0, 13, 12, 56
"/Users/constantine/Documents/work/code/projects/ZhiYu/Sources/Platforms/iOS/iOSReminderService.swift", "Swift", 0, 0, 0, 0, 0, 0, 0, 33, 0, 0, 0, 9, 6, 48
"/Users/constantine/Documents/work/code/projects/ZhiYu/Sources/Platforms/iOS/iOSSpeechService.swift", "Swift", 0, 0, 0, 0, 0, 0, 0, 214, 0, 0, 0, 7, 26, 247
"/Users/constantine/Documents/work/code/projects/ZhiYu/Sources/Platforms/iOS/iOSSpotlightIndexer.swift", "Swift", 0, 0, 0, 0, 0, 0, 0, 46, 0, 0, 0, 7, 10, 63
"/Users/constantine/Documents/work/code/projects/ZhiYu/Sources/Platforms/iOS/iOSWatchSyncService.swift", "Swift", 0, 0, 0, 0, 0, 0, 0, 51, 0, 0, 0, 8, 11, 70
"/Users/constantine/Documents/work/code/projects/ZhiYu/Sources/Platforms/macOS/MacFileArchiver.swift", "Swift", 0, 0, 0, 0, 0, 0, 0, 16, 0, 0, 0, 7, 5, 28
"/Users/constantine/Documents/work/code/projects/ZhiYu/Sources/Platforms/macOS/MacOSPlatformCapabilities.swift", "Swift", 0, 0, 0, 0, 0, 0, 0, 38, 0, 0, 0, 10, 9, 57
"/Users/constantine/Documents/work/code/projects/ZhiYu/Sources/Platforms/macOS/MacPasteboardService.swift", "Swift", 0, 0, 0, 0, 0, 0, 0, 19, 0, 0, 0, 9, 4, 32
"/Users/constantine/Documents/work/code/projects/ZhiYu/Sources/Platforms/watchOS/Resources/ZhiYuWatchApp.swift", "Swift", 0, 0, 0, 0, 0, 0, 0, 8, 0, 0, 0, 11, 3, 22
"/Users/constantine/Documents/work/code/projects/ZhiYu/Sources/Platforms/watchOS/Resources/ZhiYuWatchView.swift", "Swift", 0, 0, 0, 0, 0, 0, 0, 104, 0, 0, 0, 29, 17, 150
"/Users/constantine/Documents/work/code/projects/ZhiYu/Sources/Platforms/watchOS/WatchContentView.swift", "Swift", 0, 0, 0, 0, 0, 0, 0, 57, 0, 0, 0, 14, 9, 80
"/Users/constantine/Documents/work/code/projects/ZhiYu/Sources/Platforms/watchOS/WatchDictationView.swift", "Swift", 0, 0, 0, 0, 0, 0, 0, 32, 0, 0, 0, 14, 11, 57
"/Users/constantine/Documents/work/code/projects/ZhiYu/Sources/Platforms/watchOS/WatchOCRService.swift", "Swift", 0, 0, 0, 0, 0, 0, 0, 8, 0, 0, 0, 7, 3, 18
"/Users/constantine/Documents/work/code/projects/ZhiYu/Sources/Platforms/watchOS/WatchPDFService.swift", "Swift", 0, 0, 0, 0, 0, 0, 0, 13, 0, 0, 0, 7, 3, 23
"/Users/constantine/Documents/work/code/projects/ZhiYu/Sources/Platforms/watchOS/WatchPasteboardService.swift", "Swift", 0, 0, 0, 0, 0, 0, 0, 9, 0, 0, 0, 7, 3, 19
"/Users/constantine/Documents/work/code/projects/ZhiYu/Sources/Platforms/watchOS/WatchPlatformCapabilities.swift", "Swift", 0, 0, 0, 0, 0, 0, 0, 27, 0, 0, 0, 12, 11, 50
"/Users/constantine/Documents/work/code/projects/ZhiYu/Sources/Platforms/watchOS/WatchSpeechService.swift", "Swift", 0, 0, 0, 0, 0, 0, 0, 30, 0, 0, 0, 7, 5, 42
"/Users/constantine/Documents/work/code/projects/ZhiYu/Sources/Platforms/watchOS/WatchWatchSyncService.swift", "Swift", 0, 0, 0, 0, 0, 0, 0, 43, 0, 0, 0, 11, 10, 64
"/Users/constantine/Documents/work/code/projects/ZhiYu/Sources/Platforms/watchOS/WatchWidgets.swift", "Swift", 0, 0, 0, 0, 0, 0, 0, 62, 0, 0, 0, 21, 16, 99
"/Users/constantine/Documents/work/code/projects/ZhiYu/Sources/Resources/AppConfig.json", "JSON", 19, 0, 0, 0, 0, 0, 0, 0, 0, 0, 0, 0, 1, 20
"/Users/constantine/Documents/work/code/projects/ZhiYu/Sources/Shared/DesignSystem/DesignSystem.swift", "Swift", 0, 0, 0, 0, 0, 0, 0, 659, 0, 0, 0, 82, 56, 797
"/Users/constantine/Documents/work/code/projects/ZhiYu/Sources/Shared/DesignSystem/Styles/ButtonStyles.swift", "Swift", 0, 0, 0, 0, 0, 0, 0, 10, 0, 0, 0, 21, 5, 36
"/Users/constantine/Documents/work/code/projects/ZhiYu/Sources/Shared/DesignSystem/Styles/PDFHighlight+UI.swift", "Swift", 0, 0, 0, 0, 0, 0, 0, 13, 0, 0, 0, 9, 3, 25
"/Users/constantine/Documents/work/code/projects/ZhiYu/Sources/Shared/DesignSystem/Styles/PageType+UI.swift", "Swift", 0, 0, 0, 0, 0, 0, 0, 42, 0, 0, 0, 12, 6, 60
"/Users/constantine/Documents/work/code/projects/ZhiYu/Sources/Shared/DesignSystem/Styles/SynthesisStore+UI.swift", "Swift", 0, 0, 0, 0, 0, 0, 0, 13, 0, 0, 0, 9, 3, 25
"/Users/constantine/Documents/work/code/projects/ZhiYu/Sources/Shared/DesignSystem/Themes/ColorSchemeMode.swift", "Swift", 0, 0, 0, 0, 0, 0, 0, 27, 0, 0, 0, 10, 6, 43
"/Users/constantine/Documents/work/code/projects/ZhiYu/Sources/Shared/DesignSystem/Themes/ThemeManager.swift", "Swift", 0, 0, 0, 0, 0, 0, 0, 65, 0, 0, 0, 22, 15, 102
"/Users/constantine/Documents/work/code/projects/ZhiYu/Sources/Shared/DesignSystem/Tokens/Animations.swift", "Swift", 0, 0, 0, 0, 0, 0, 0, 78, 0, 0, 0, 55, 26, 159
"/Users/constantine/Documents/work/code/projects/ZhiYu/Sources/Shared/DesignSystem/Tokens/Colors.swift", "Swift", 0, 0, 0, 0, 0, 0, 0, 134, 0, 0, 0, 47, 34, 215
"/Users/constantine/Documents/work/code/projects/ZhiYu/Sources/Shared/DesignSystem/Tokens/IconTokens.swift", "Swift", 0, 0, 0, 0, 0, 0, 0, 9, 0, 0, 0, 14, 9, 32
"/Users/constantine/Documents/work/code/projects/ZhiYu/Sources/Shared/DesignSystem/Tokens/Spacing.swift", "Swift", 0, 0, 0, 0, 0, 0, 0, 245, 0, 0, 0, 124, 36, 405
"/Users/constantine/Documents/work/code/projects/ZhiYu/Sources/Shared/DesignSystem/Tokens/Typography.swift", "Swift", 0, 0, 0, 0, 0, 0, 0, 254, 0, 0, 0, 43, 25, 322
"/Users/constantine/Documents/work/code/projects/ZhiYu/Sources/Shared/DesignSystem/Tokens/ZIndexTokens.swift", "Swift", 0, 0, 0, 0, 0, 0, 0, 8, 0, 0, 0, 11, 3, 22
"/Users/constantine/Documents/work/code/projects/ZhiYu/Sources/Shared/Platforms/Adaptor/CrossPlatform.swift", "Swift", 0, 0, 0, 0, 0, 0, 0, 36, 0, 0, 0, 15, 7, 58
"/Users/constantine/Documents/work/code/projects/ZhiYu/Sources/Shared/Resources/Welcome_To_ZhiYu.md", "Markdown", 0, 13, 0, 0, 0, 0, 0, 0, 0, 0, 0, 0, 7, 20
"/Users/constantine/Documents/work/code/projects/ZhiYu/Sources/Shared/Resources/js/marked.min.js", "JavaScript", 0, 0, 0, 0, 0, 0, 0, 0, 0, 67, 0, 0, 3, 70
"/Users/constantine/Documents/work/code/projects/ZhiYu/Sources/Shared/Resources/js/mermaid.min.js", "JavaScript", 0, 0, 0, 0, 0, 0, 0, 0, 0, 2918, 0, 46, 335, 3299
"/Users/constantine/Documents/work/code/projects/ZhiYu/Sources/Shared/Resources/js/pptxgen.bundle.js", "JavaScript", 0, 0, 0, 0, 0, 0, 0, 0, 0, 2, 0, 1, 1, 4
"/Users/constantine/Documents/work/code/projects/ZhiYu/Sources/Shared/UIComponents/Accessibility/AppAccessibilityView.swift", "Swift", 0, 0, 0, 0, 0, 0, 0, 63, 0, 0, 0, 19, 11, 93
"/Users/constantine/Documents/work/code/projects/ZhiYu/Sources/Shared/UIComponents/Backgrounds/PageBackground.swift", "Swift", 0, 0, 0, 0, 0, 0, 0, 126, 0, 0, 0, 5, 17, 148
"/Users/constantine/Documents/work/code/projects/ZhiYu/Sources/Shared/UIComponents/Badges/VaultBadge.swift", "Swift", 0, 0, 0, 0, 0, 0, 0, 56, 0, 0, 0, 7, 8, 71
"/Users/constantine/Documents/work/code/projects/ZhiYu/Sources/Shared/UIComponents/Banners/AIProcessingStatusBanner.swift", "Swift", 0, 0, 0, 0, 0, 0, 0, 63, 0, 0, 0, 11, 10, 84
"/Users/constantine/Documents/work/code/projects/ZhiYu/Sources/Shared/UIComponents/Buttons/AppButtons.swift", "Swift", 0, 0, 0, 0, 0, 0, 0, 129, 0, 0, 0, 22, 17, 168
"/Users/constantine/Documents/work/code/projects/ZhiYu/Sources/Shared/UIComponents/Cards/AppCard.swift", "Swift", 0, 0, 0, 0, 0, 0, 0, 116, 0, 0, 0, 27, 23, 166
"/Users/constantine/Documents/work/code/projects/ZhiYu/Sources/Shared/UIComponents/Cards/StatCard.swift", "Swift", 0, 0, 0, 0, 0, 0, 0, 42, 0, 0, 0, 13, 11, 66
"/Users/constantine/Documents/work/code/projects/ZhiYu/Sources/Shared/UIComponents/Chips/AppChips.swift", "Swift", 0, 0, 0, 0, 0, 0, 0, 119, 0, 0, 0, 24, 20, 163
"/Users/constantine/Documents/work/code/projects/ZhiYu/Sources/Shared/UIComponents/Common/ModelColorView.swift", "Swift", 0, 0, 0, 0, 0, 0, 0, 23, 0, 0, 0, 11, 4, 38
"/Users/constantine/Documents/work/code/projects/ZhiYu/Sources/Shared/UIComponents/Common/TagCapsule.swift", "Swift", 0, 0, 0, 0, 0, 0, 0, 28, 0, 0, 0, 11, 4, 43
"/Users/constantine/Documents/work/code/projects/ZhiYu/Sources/Shared/UIComponents/Decorators/AppDecorators.swift", "Swift", 0, 0, 0, 0, 0, 0, 0, 29, 0, 0, 0, 13, 6, 48
"/Users/constantine/Documents/work/code/projects/ZhiYu/Sources/Shared/UIComponents/Editors/EditorComponents.swift", "Swift", 0, 0, 0, 0, 0, 0, 0, 168, 0, 0, 0, 19, 19, 206
"/Users/constantine/Documents/work/code/projects/ZhiYu/Sources/Shared/UIComponents/Editors/MarkdownEditorView.swift", "Swift", 0, 0, 0, 0, 0, 0, 0, 72, 0, 0, 0, 11, 11, 94
"/Users/constantine/Documents/work/code/projects/ZhiYu/Sources/Shared/UIComponents/Editors/MarkdownRendererView.swift", "Swift", 0, 0, 0, 0, 0, 0, 0, 386, 0, 0, 0, 31, 33, 450
"/Users/constantine/Documents/work/code/projects/ZhiYu/Sources/Shared/UIComponents/Editors/MarkdownTextView.swift", "Swift", 0, 0, 0, 0, 0, 0, 0, 196, 0, 0, 0, 32, 28, 256
"/Users/constantine/Documents/work/code/projects/ZhiYu/Sources/Shared/UIComponents/Editors/MermaidWebView.swift", "Swift", 0, 0, 0, 0, 0, 0, 0, 250, 0, 0, 0, 13, 24, 287
"/Users/constantine/Documents/work/code/projects/ZhiYu/Sources/Shared/UIComponents/Feedback/AppAILoadingSkeleton.swift", "Swift", 0, 0, 0, 0, 0, 0, 0, 72, 0, 0, 0, 10, 10, 92
"/Users/constantine/Documents/work/code/projects/ZhiYu/Sources/Shared/UIComponents/Feedback/AppEmptyState.swift", "Swift", 0, 0, 0, 0, 0, 0, 0, 148, 0, 0, 0, 25, 23, 196
"/Users/constantine/Documents/work/code/projects/ZhiYu/Sources/Shared/UIComponents/Feedback/AppErrorView.swift", "Swift", 0, 0, 0, 0, 0, 0, 0, 0, 0, 0, 0, 0, 1, 1
"/Users/constantine/Documents/work/code/projects/ZhiYu/Sources/Shared/UIComponents/Feedback/AppFeedback.swift", "Swift", 0, 0, 0, 0, 0, 0, 0, 145, 0, 0, 0, 30, 33, 208
"/Users/constantine/Documents/work/code/projects/ZhiYu/Sources/Shared/UIComponents/Feedback/AppLoadingOverlay.swift", "Swift", 0, 0, 0, 0, 0, 0, 0, 98, 0, 0, 0, 27, 14, 139
"/Users/constantine/Documents/work/code/projects/ZhiYu/Sources/Shared/UIComponents/Feedback/AppLoadingSkeleton.swift", "Swift", 0, 0, 0, 0, 0, 0, 0, 0, 0, 0, 0, 0, 1, 1
"/Users/constantine/Documents/work/code/projects/ZhiYu/Sources/Shared/UIComponents/Feedback/AppToast.swift", "Swift", 0, 0, 0, 0, 0, 0, 0, 117, 0, 0, 0, 27, 21, 165
"/Users/constantine/Documents/work/code/projects/ZhiYu/Sources/Shared/UIComponents/Feedback/AppTooltip.swift", "Swift", 0, 0, 0, 0, 0, 0, 0, 124, 0, 0, 0, 19, 11, 154
"/Users/constantine/Documents/work/code/projects/ZhiYu/Sources/Shared/UIComponents/Feedback/TooltipManager.swift", "Swift", 0, 0, 0, 0, 0, 0, 0, 64, 0, 0, 0, 10, 14, 88
"/Users/constantine/Documents/work/code/projects/ZhiYu/Sources/Shared/UIComponents/Inputs/AppInputs.swift", "Swift", 0, 0, 0, 0, 0, 0, 0, 111, 0, 0, 0, 23, 17, 151
"/Users/constantine/Documents/work/code/projects/ZhiYu/Sources/Shared/UIComponents/Inputs/AppTextEditor.swift", "Swift", 0, 0, 0, 0, 0, 0, 0, 0, 0, 0, 0, 0, 1, 1
"/Users/constantine/Documents/work/code/projects/ZhiYu/Sources/Shared/UIComponents/Interaction/DragDropComponents.swift", "Swift", 0, 0, 0, 0, 0, 0, 0, 63, 0, 0, 0, 25, 14, 102
"/Users/constantine/Documents/work/code/projects/ZhiYu/Sources/Shared/UIComponents/Interaction/KeyboardShortcutsView.swift", "Swift", 0, 0, 0, 0, 0, 0, 0, 29, 0, 0, 0, 12, 6, 47
"/Users/constantine/Documents/work/code/projects/ZhiYu/Sources/Shared/UIComponents/Layouts/AnimatedSection.swift", "Swift", 0, 0, 0, 0, 0, 0, 0, 15, 0, 0, 0, 17, 8, 40
"/Users/constantine/Documents/work/code/projects/ZhiYu/Sources/Shared/UIComponents/Layouts/FlowLayout.swift", "Swift", 0, 0, 0, 0, 0, 0, 0, 41, 0, 0, 0, 19, 15, 75
"/Users/constantine/Documents/work/code/projects/ZhiYu/Sources/Shared/UIComponents/Layouts/README.md", "Markdown", 0, 1, 0, 0, 0, 0, 0, 0, 0, 0, 0, 0, 1, 2
"/Users/constantine/Documents/work/code/projects/ZhiYu/Sources/Shared/UIComponents/Layouts/StandardSection.swift", "Swift", 0, 0, 0, 0, 0, 0, 0, 53, 0, 0, 0, 32, 13, 98
"/Users/constantine/Documents/work/code/projects/ZhiYu/Sources/Shared/UIComponents/Layouts/VaultLayout.swift", "Swift", 0, 0, 0, 0, 0, 0, 0, 28, 0, 0, 0, 7, 9, 44
"/Users/constantine/Documents/work/code/projects/ZhiYu/Sources/Shared/UIComponents/Lists/AppRows.swift", "Swift", 0, 0, 0, 0, 0, 0, 0, 134, 0, 0, 0, 29, 29, 192
"/Users/constantine/Documents/work/code/projects/ZhiYu/Sources/Shared/UIComponents/Lists/GuideStepRow.swift", "Swift", 0, 0, 0, 0, 0, 0, 0, 39, 0, 0, 0, 13, 11, 63
"/Users/constantine/Documents/work/code/projects/ZhiYu/Sources/Shared/UIComponents/Lists/PageRowView.swift", "Swift", 0, 0, 0, 0, 0, 0, 0, 54, 0, 0, 0, 19, 14, 87
"/Users/constantine/Documents/work/code/projects/ZhiYu/Sources/Shared/UIComponents/Lists/QuickActionRow.swift", "Swift", 0, 0, 0, 0, 0, 0, 0, 68, 0, 0, 0, 13, 13, 94
"/Users/constantine/Documents/work/code/projects/ZhiYu/Sources/Shared/UIComponents/Menus/UserProfileMenu.swift", "Swift", 0, 0, 0, 0, 0, 0, 0, 158, 0, 0, 0, 15, 13, 186
"/Users/constantine/Documents/work/code/projects/ZhiYu/Sources/Shared/UIComponents/Modifiers/AppToolbarModifier.swift", "Swift", 0, 0, 0, 0, 0, 0, 0, 86, 0, 0, 0, 8, 14, 108
"/Users/constantine/Documents/work/code/projects/ZhiYu/Sources/Shared/UIComponents/Modifiers/DesignModifiers.swift", "Swift", 0, 0, 0, 0, 0, 0, 0, 67, 0, 0, 0, 39, 19, 125
"/Users/constantine/Documents/work/code/projects/ZhiYu/Sources/Shared/UIComponents/Modifiers/GlassStyle.swift", "Swift", 0, 0, 0, 0, 0, 0, 0, 93, 0, 0, 0, 58, 24, 175
"/Users/constantine/Documents/work/code/projects/ZhiYu/Sources/Shared/UIComponents/Modifiers/ReadabilityModifiers.swift", "Swift", 0, 0, 0, 0, 0, 0, 0, 21, 0, 0, 0, 16, 6, 43
"/Users/constantine/Documents/work/code/projects/ZhiYu/Sources/Shared/UIComponents/Modifiers/View+Conditional.swift", "Swift", 0, 0, 0, 0, 0, 0, 0, 19, 0, 0, 0, 10, 6, 35
"/Users/constantine/Documents/work/code/projects/ZhiYu/Sources/Shared/UIComponents/Navigation/AdaptiveSidebarView.swift", "Swift", 0, 0, 0, 0, 0, 0, 0, 109, 0, 0, 0, 38, 14, 161
"/Users/constantine/Documents/work/code/projects/ZhiYu/Sources/Shared/UIComponents/Navigation/BreadcrumbView.swift", "Swift", 0, 0, 0, 0, 0, 0, 0, 40, 0, 0, 0, 19, 7, 66
"/Users/constantine/Documents/work/code/projects/ZhiYu/Sources/Shared/UIComponents/Navigation/FloatingContextCapsule.swift", "Swift", 0, 0, 0, 0, 0, 0, 0, 100, 0, 0, 0, 7, 12, 119
"/Users/constantine/Documents/work/code/projects/ZhiYu/Sources/Shared/UIComponents/Navigation/NavigateAction.swift", "Swift", 0, 0, 0, 0, 0, 0, 0, 19, 0, 0, 0, 16, 8, 43
"/Users/constantine/Documents/work/code/projects/ZhiYu/Sources/Shared/UIComponents/Overlays/HostingSetupSheet.swift", "Swift", 0, 0, 0, 0, 0, 0, 0, 76, 0, 0, 0, 12, 10, 98
"/Users/constantine/Documents/work/code/projects/ZhiYu/Sources/Shared/UIComponents/Overlays/LockOverlayView.swift", "Swift", 0, 0, 0, 0, 0, 0, 0, 124, 0, 0, 0, 18, 19, 161
"/Users/constantine/Documents/work/code/projects/ZhiYu/Sources/Shared/UIComponents/Overlays/OnboardingOverlay.swift", "Swift", 0, 0, 0, 0, 0, 0, 0, 57, 0, 0, 0, 9, 8, 74
"/Users/constantine/Documents/work/code/projects/ZhiYu/Sources/Shared/UIComponents/Overlays/SplashComponents.swift", "Swift", 0, 0, 0, 0, 0, 0, 0, 172, 0, 0, 0, 26, 18, 216
"/Users/constantine/Documents/work/code/projects/ZhiYu/Sources/Shared/UIComponents/Pickers/IconPickerView.swift", "Swift", 0, 0, 0, 0, 0, 0, 0, 124, 0, 0, 0, 18, 14, 156
"/Users/constantine/Documents/work/code/projects/ZhiYu/Tests/Boundary/IngestQueueTests.swift", "Swift", 0, 0, 0, 0, 0, 0, 0, 37, 0, 0, 0, 15, 10, 62
"/Users/constantine/Documents/work/code/projects/ZhiYu/Tests/Integration/RAGPipelineTests.swift", "Swift", 0, 0, 0, 0, 0, 0, 0, 49, 0, 0, 0, 21, 13, 83
"/Users/constantine/Documents/work/code/projects/ZhiYu/Tests/Integration/iCloudSyncIntegrationTests.swift", "Swift", 0, 0, 0, 0, 0, 0, 0, 37, 0, 0, 0, 13, 13, 63
"/Users/constantine/Documents/work/code/projects/ZhiYu/Tests/Performance/RAGPerformanceTests.swift", "Swift", 0, 0, 0, 0, 0, 0, 0, 44, 0, 0, 0, 12, 12, 68
"/Users/constantine/Documents/work/code/projects/ZhiYu/Tests/Performance/SearchPerformanceTests.swift", "Swift", 0, 0, 0, 0, 0, 0, 0, 108, 0, 0, 0, 28, 26, 162
"/Users/constantine/Documents/work/code/projects/ZhiYu/Tests/Platforms/MacPlatformTests.swift", "Swift", 0, 0, 0, 0, 0, 0, 0, 100, 0, 0, 0, 35, 29, 164
"/Users/constantine/Documents/work/code/projects/ZhiYu/Tests/Platforms/WatchConnectivityTests.swift", "Swift", 0, 0, 0, 0, 0, 0, 0, 33, 0, 0, 0, 13, 11, 57
"/Users/constantine/Documents/work/code/projects/ZhiYu/Tests/Platforms/WatchPlatformTests.swift", "Swift", 0, 0, 0, 0, 0, 0, 0, 116, 0, 0, 0, 40, 38, 194
"/Users/constantine/Documents/work/code/projects/ZhiYu/Tests/Platforms/WatchSyncTests.swift", "Swift", 0, 0, 0, 0, 0, 0, 0, 180, 0, 0, 0, 49, 48, 277
"/Users/constantine/Documents/work/code/projects/ZhiYu/Tests/Platforms/WatchViewTests.swift", "Swift", 0, 0, 0, 0, 0, 0, 0, 87, 0, 0, 0, 29, 26, 142
"/Users/constantine/Documents/work/code/projects/ZhiYu/Tests/Shared/AppStoreTests.swift", "Swift", 0, 0, 0, 0, 0, 0, 0, 48, 0, 0, 0, 12, 16, 76
"/Users/constantine/Documents/work/code/projects/ZhiYu/Tests/Shared/TestMocks.swift", "Swift", 0, 0, 0, 0, 0, 0, 0, 200, 0, 0, 0, 60, 48, 308
"/Users/constantine/Documents/work/code/projects/ZhiYu/Tests/SnapshotTests/ComponentSnapshots.swift", "Swift", 0, 0, 0, 0, 0, 0, 0, 184, 0, 0, 0, 33, 38, 255
"/Users/constantine/Documents/work/code/projects/ZhiYu/Tests/SnapshotTests/Support/SnapshotHelper.swift", "Swift", 0, 0, 0, 0, 0, 0, 0, 29, 0, 0, 0, 15, 9, 53
"/Users/constantine/Documents/work/code/projects/ZhiYu/Tests/UI/GraphUITests.swift", "Swift", 0, 0, 0, 0, 0, 0, 0, 68, 0, 0, 0, 23, 13, 104
"/Users/constantine/Documents/work/code/projects/ZhiYu/Tests/UI/IngestUITests.swift", "Swift", 0, 0, 0, 0, 0, 0, 0, 139, 0, 0, 0, 33, 18, 190
"/Users/constantine/Documents/work/code/projects/ZhiYu/Tests/UI/KnowledgeBaseUITests.swift", "Swift", 0, 0, 0, 0, 0, 0, 0, 166, 0, 0, 0, 65, 35, 266
"/Users/constantine/Documents/work/code/projects/ZhiYu/Tests/UI/KnowledgePageUITests.swift", "Swift", 0, 0, 0, 0, 0, 0, 0, 309, 0, 0, 0, 73, 56, 438
"/Users/constantine/Documents/work/code/projects/ZhiYu/Tests/UI/SearchUITests.swift", "Swift", 0, 0, 0, 0, 0, 0, 0, 57, 0, 0, 0, 20, 9, 86
"/Users/constantine/Documents/work/code/projects/ZhiYu/Tests/UI/SettingsUITests.swift", "Swift", 0, 0, 0, 0, 0, 0, 0, 198, 0, 0, 0, 47, 38, 283
"/Users/constantine/Documents/work/code/projects/ZhiYu/Tests/UI/ZhiYuPlatformUITests.swift", "Swift", 0, 0, 0, 0, 0, 0, 0, 513, 0, 0, 0, 158, 130, 801
"/Users/constantine/Documents/work/code/projects/ZhiYu/Tests/UITests/ZhiYuMonkeyTests.swift", "Swift", 0, 0, 0, 0, 0, 0, 0, 70, 0, 0, 0, 23, 20, 113
"/Users/constantine/Documents/work/code/projects/ZhiYu/Tests/UITests/ZhiYuUITests.swift", "Swift", 0, 0, 0, 0, 0, 0, 0, 100, 0, 0, 0, 42, 30, 172
"/Users/constantine/Documents/work/code/projects/ZhiYu/Tests/Unit/AI/AIContentEnricherTests.swift", "Swift", 0, 0, 0, 0, 0, 0, 0, 63, 0, 0, 0, 13, 25, 101
"/Users/constantine/Documents/work/code/projects/ZhiYu/Tests/Unit/AI/ChunkingAlgorithmTests.swift", "Swift", 0, 0, 0, 0, 0, 0, 0, 84, 0, 0, 0, 52, 35, 171
"/Users/constantine/Documents/work/code/projects/ZhiYu/Tests/Unit/AI/EmbeddingManagerTests.swift", "Swift", 0, 0, 0, 0, 0, 0, 0, 119, 0, 0, 0, 32, 34, 185
"/Users/constantine/Documents/work/code/projects/ZhiYu/Tests/Unit/AI/LLMAIServicesTests.swift", "Swift", 0, 0, 0, 0, 0, 0, 0, 79, 0, 0, 0, 13, 26, 118
"/Users/constantine/Documents/work/code/projects/ZhiYu/Tests/Unit/AI/LLMServiceTests.swift", "Swift", 0, 0, 0, 0, 0, 0, 0, 87, 0, 0, 0, 16, 36, 139
"/Users/constantine/Documents/work/code/projects/ZhiYu/Tests/Unit/AI/MockLLMServices.swift", "Swift", 0, 0, 0, 0, 0, 0, 0, 95, 0, 0, 0, 5, 23, 123
"/Users/constantine/Documents/work/code/projects/ZhiYu/Tests/Unit/AI/PromptDefenseTests.swift", "Swift", 0, 0, 0, 0, 0, 0, 0, 25, 0, 0, 0, 14, 9, 48
"/Users/constantine/Documents/work/code/projects/ZhiYu/Tests/Unit/AI/RAGEvaluationServiceTests.swift", "Swift", 0, 0, 0, 0, 0, 0, 0, 110, 0, 0, 0, 24, 32, 166
"/Users/constantine/Documents/work/code/projects/ZhiYu/Tests/Unit/AI/RAGEvaluator.swift", "Swift", 0, 0, 0, 0, 0, 0, 0, 32, 0, 0, 0, 14, 10, 56
"/Users/constantine/Documents/work/code/projects/ZhiYu/Tests/Unit/AI/RAGOrchestratorTests.swift", "Swift", 0, 0, 0, 0, 0, 0, 0, 106, 0, 0, 0, 28, 25, 159
"/Users/constantine/Documents/work/code/projects/ZhiYu/Tests/Unit/AI/RAG_GoldenSet.json", "JSON", 20, 0, 0, 0, 0, 0, 0, 0, 0, 0, 0, 0, 1, 21
"/Users/constantine/Documents/work/code/projects/ZhiYu/Tests/Unit/Graph/GraphLayoutEngineTests.swift", "Swift", 0, 0, 0, 0, 0, 0, 0, 161, 0, 0, 0, 19, 35, 215
"/Users/constantine/Documents/work/code/projects/ZhiYu/Tests/Unit/KnowledgeStoreStressTests.swift", "Swift", 0, 0, 0, 0, 0, 0, 0, 50, 0, 0, 0, 15, 18, 83
"/Users/constantine/Documents/work/code/projects/ZhiYu/Tests/Unit/LocalizationTests.swift", "Swift", 0, 0, 0, 0, 0, 0, 0, 75, 0, 0, 0, 22, 21, 118
"/Users/constantine/Documents/work/code/projects/ZhiYu/Tests/Unit/NotebookThemeConfigTests.swift", "Swift", 0, 0, 0, 0, 0, 0, 0, 20, 0, 0, 0, 4, 9, 33
"/Users/constantine/Documents/work/code/projects/ZhiYu/Tests/Unit/Plugins/JavaScriptPluginTests.swift", "Swift", 0, 0, 0, 0, 0, 0, 0, 90, 0, 0, 0, 25, 20, 135
"/Users/constantine/Documents/work/code/projects/ZhiYu/Tests/Unit/Plugins/PluginMarketServiceTests.swift", "Swift", 0, 0, 0, 0, 0, 0, 0, 77, 0, 0, 0, 6, 20, 103
"/Users/constantine/Documents/work/code/projects/ZhiYu/Tests/Unit/Plugins/PluginSandboxTests.swift", "Swift", 0, 0, 0, 0, 0, 0, 0, 168, 0, 0, 0, 39, 49, 256
"/Users/constantine/Documents/work/code/projects/ZhiYu/Tests/Unit/Plugins/PluginWatchdogTests.swift", "Swift", 0, 0, 0, 0, 0, 0, 0, 89, 0, 0, 0, 52, 37, 178
"/Users/constantine/Documents/work/code/projects/ZhiYu/Tests/Unit/Security/SecurityExpertTests.swift", "Swift", 0, 0, 0, 0, 0, 0, 0, 44, 0, 0, 0, 25, 21, 90
"/Users/constantine/Documents/work/code/projects/ZhiYu/Tests/Unit/Security/SecurityIntegrityTests.swift", "Swift", 0, 0, 0, 0, 0, 0, 0, 53, 0, 0, 0, 30, 21, 104
"/Users/constantine/Documents/work/code/projects/ZhiYu/Tests/Unit/Security/SecurityManagerTests.swift", "Swift", 0, 0, 0, 0, 0, 0, 0, 55, 0, 0, 0, 21, 22, 98
"/Users/constantine/Documents/work/code/projects/ZhiYu/Tests/Unit/Security/VaultSecurityTests.swift", "Swift", 0, 0, 0, 0, 0, 0, 0, 108, 0, 0, 0, 35, 38, 181
"/Users/constantine/Documents/work/code/projects/ZhiYu/Tests/Unit/Services/ChatServiceTests.swift", "Swift", 0, 0, 0, 0, 0, 0, 0, 43, 0, 0, 0, 13, 14, 70
"/Users/constantine/Documents/work/code/projects/ZhiYu/Tests/Unit/Services/CollaborationServiceTests.swift", "Swift", 0, 0, 0, 0, 0, 0, 0, 118, 0, 0, 0, 27, 44, 189
"/Users/constantine/Documents/work/code/projects/ZhiYu/Tests/Unit/Services/DeepLinkTests.swift", "Swift", 0, 0, 0, 0, 0, 0, 0, 76, 0, 0, 0, 29, 22, 127
"/Users/constantine/Documents/work/code/projects/ZhiYu/Tests/Unit/Services/LinkServiceTests.swift", "Swift", 0, 0, 0, 0, 0, 0, 0, 140, 0, 0, 0, 31, 38, 209
"/Users/constantine/Documents/work/code/projects/ZhiYu/Tests/Unit/Services/RouterTests.swift", "Swift", 0, 0, 0, 0, 0, 0, 0, 56, 0, 0, 0, 16, 19, 91
"/Users/constantine/Documents/work/code/projects/ZhiYu/Tests/Unit/Services/ZhiYuServiceTests.swift", "Swift", 0, 0, 0, 0, 0, 0, 0, 521, 0, 0, 0, 54, 129, 704
"/Users/constantine/Documents/work/code/projects/ZhiYu/Tests/Unit/Storage/AppStoreStorageTests.swift", "Swift", 0, 0, 0, 0, 0, 0, 0, 50, 0, 0, 0, 24, 19, 93
"/Users/constantine/Documents/work/code/projects/ZhiYu/Tests/Unit/Storage/CloudChaosTests.swift", "Swift", 0, 0, 0, 0, 0, 0, 0, 29, 0, 0, 0, 19, 13, 61
"/Users/constantine/Documents/work/code/projects/ZhiYu/Tests/Unit/Storage/KnowledgeRepositoryTests.swift", "Swift", 0, 0, 0, 0, 0, 0, 0, 41, 0, 0, 0, 14, 15, 70
"/Users/constantine/Documents/work/code/projects/ZhiYu/Tests/Unit/Storage/VaultDataIsolationTests.swift", "Swift", 0, 0, 0, 0, 0, 0, 0, 93, 0, 0, 0, 39, 33, 165
"/Users/constantine/Documents/work/code/projects/ZhiYu/Tests/Unit/System/ShortcutManagerTests.swift", "Swift", 0, 0, 0, 0, 0, 0, 0, 26, 0, 0, 0, 17, 11, 54
"/Users/constantine/Documents/work/code/projects/ZhiYu/Tests/Unit/ZhiYuCoreServiceTests.swift", "Swift", 0, 0, 0, 0, 0, 0, 0, 193, 0, 0, 0, 36, 48, 277
"/Users/constantine/Documents/work/code/projects/ZhiYu/Tests/Unit/ZhiYuDomainTests.swift", "Swift", 0, 0, 0, 0, 0, 0, 0, 368, 0, 0, 0, 79, 83, 530
"/Users/constantine/Documents/work/code/projects/ZhiYu/Tests/Unit/ZhiYuE2ETests.swift", "Swift", 0, 0, 0, 0, 0, 0, 0, 597, 0, 0, 0, 44, 152, 793
"/Users/constantine/Documents/work/code/projects/ZhiYu/Tests/Unit/ZhiYuModelTests.swift", "Swift", 0, 0, 0, 0, 0, 0, 0, 355, 0, 0, 0, 79, 62, 496
"/Users/constantine/Documents/work/code/projects/ZhiYu/Tests/Unit/ZhiYuProcessorTests.swift", "Swift", 0, 0, 0, 0, 0, 0, 0, 140, 0, 0, 0, 22, 39, 201
"/Users/constantine/Documents/work/code/projects/ZhiYu/Tests/Unit/ZhiYuStoreTests.swift", "Swift", 0, 0, 0, 0, 0, 0, 0, 107, 0, 0, 0, 23, 21, 151
"/Users/constantine/Documents/work/code/projects/ZhiYu/Tests/Unit/ZhiYuTests.swift", "Swift", 0, 0, 0, 0, 0, 0, 0, 0, 0, 0, 0, 11, 1, 12
"/Users/constantine/Documents/work/code/projects/ZhiYu/Tests/Unit/iPadEnvironmentTests.swift", "Swift", 0, 0, 0, 0, 0, 0, 0, 77, 0, 0, 0, 31, 15, 123
"/Users/constantine/Documents/work/code/projects/ZhiYu/Tests/Unit/iPadRouterTests.swift", "Swift", 0, 0, 0, 0, 0, 0, 0, 162, 0, 0, 0, 67, 42, 271
"/Users/constantine/Documents/work/code/projects/ZhiYu/Tools/MockServer/community.json", "JSON", 47, 0, 0, 0, 0, 0, 0, 0, 0, 0, 0, 0, 1, 48
"/Users/constantine/Documents/work/code/projects/ZhiYu/Tools/MockServer/server.py", "Python", 0, 0, 0, 25, 0, 0, 0, 0, 0, 0, 0, 2, 6, 33
"/Users/constantine/Documents/work/code/projects/ZhiYu/Tools/Plugins/PLUGIN_SDK.d.ts", "TypeScript", 0, 0, 0, 0, 97, 0, 0, 0, 0, 0, 0, 0, 16, 113
"/Users/constantine/Documents/work/code/projects/ZhiYu/Tools/README.md", "Markdown", 0, 54, 0, 0, 0, 0, 0, 0, 0, 0, 0, 0, 34, 88
"/Users/constantine/Documents/work/code/projects/ZhiYu/Tools/Temp/font_remover.py", "Python", 0, 0, 0, 44, 0, 0, 0, 0, 0, 0, 0, 8, 14, 66
"/Users/constantine/Documents/work/code/projects/ZhiYu/Tools/Temp/magic_remover.py", "Python", 0, 0, 0, 84, 0, 0, 0, 0, 0, 0, 0, 9, 22, 115
"/Users/constantine/Documents/work/code/projects/ZhiYu/Tools/Temp/parse_coverage.py", "Python", 0, 0, 0, 54, 0, 0, 0, 0, 0, 0, 0, 14, 11, 79
"/Users/constantine/Documents/work/code/projects/ZhiYu/Tools/audit_spm_dependencies.py", "Python", 0, 0, 0, 117, 0, 0, 0, 0, 0, 0, 0, 19, 29, 165
"/Users/constantine/Documents/work/code/projects/ZhiYu/Tools/check_coverage.py", "Python", 0, 0, 0, 95, 0, 0, 0, 0, 0, 0, 0, 18, 23, 136
"/Users/constantine/Documents/work/code/projects/ZhiYu/Tools/check_domain_purity.py", "Python", 0, 0, 0, 85, 0, 0, 0, 0, 0, 0, 0, 13, 22, 120
"/Users/constantine/Documents/work/code/projects/ZhiYu/Tools/check_localization.py", "Python", 0, 0, 0, 326, 0, 0, 0, 0, 0, 0, 0, 42, 88, 456
"/Users/constantine/Documents/work/code/projects/ZhiYu/Tools/lint_layer_markers.sh", "Shell Script", 0, 0, 22, 0, 0, 0, 0, 0, 0, 0, 0, 9, 11, 42
"/Users/constantine/Documents/work/code/projects/ZhiYu/Tools/run_tests.sh", "Shell Script", 0, 0, 57, 0, 0, 0, 0, 0, 0, 0, 0, 28, 21, 106
"/Users/constantine/Documents/work/code/projects/ZhiYu/ZhiYu.code-workspace", "JSON with Comments", 0, 0, 0, 0, 0, 0, 0, 0, 0, 0, 7, 0, 0, 7
"/Users/constantine/Documents/work/code/projects/ZhiYu/fastlane/Fastfile", "Ruby", 0, 0, 0, 0, 0, 20, 0, 0, 0, 0, 0, 9, 4, 33
"/Users/constantine/Documents/work/code/projects/ZhiYu/project.yml", "YAML", 0, 0, 0, 0, 0, 0, 255, 0, 0, 0, 0, 0, 15, 270
"/Users/constantine/Documents/work/code/projects/ZhiYu/visual_proposal.json", "JSON", 1, 0, 0, 0, 0, 0, 0, 0, 0, 0, 0, 0, 0, 1
"/Users/constantine/Documents/work/code/projects/ZhiYu/walkthrough.md", "Markdown", 0, 87, 0, 0, 0, 0, 0, 0, 0, 0, 0, 0, 24, 111
"Total", "-", 312, 7382, 79, 830, 97, 20, 308, 49198, 26, 2987, 7, 10573, 12158, 83977