"filename", "language", "C++", "Swift", "JSON", "XML", "Markdown", "YAML", "Python", "Shell Script", "Ruby", "comment", "blank", "total"
"/Users/constantine/Documents/work/code/projects/ZhiYu/.claude/settings.local.json", "JSON", 0, 0, 73, 0, 0, 0, 0, 0, 0, 0, 1, 74
"/Users/constantine/Documents/work/code/projects/ZhiYu/.woodpecker.yml", "YAML", 0, 0, 0, 0, 0, 60, 0, 0, 0, 0, 11, 71
"/Users/constantine/Documents/work/code/projects/ZhiYu/.workbuddy/memory/2026-05-28.md", "Markdown", 0, 0, 0, 0, 39, 0, 0, 0, 0, 0, 6, 45
"/Users/constantine/Documents/work/code/projects/ZhiYu/Docs/Architecture/ARCHITECTURE_4PLUS1.md", "Markdown", 0, 0, 0, 0, 50, 0, 0, 0, 0, 0, 18, 68
"/Users/constantine/Documents/work/code/projects/ZhiYu/Docs/Architecture/AUTH_ARCHITECTURE.md", "Markdown", 0, 0, 0, 0, 306, 0, 0, 0, 0, 0, 55, 361
"/Users/constantine/Documents/work/code/projects/ZhiYu/Docs/Architecture/PluginMarket_HLD.md", "Markdown", 0, 0, 0, 0, -107, 0, 0, 0, 0, 0, -25, -132
"/Users/constantine/Documents/work/code/projects/ZhiYu/Docs/AuthArchitecture.md", "Markdown", 0, 0, 0, 0, -306, 0, 0, 0, 0, 0, -55, -361
"/Users/constantine/Documents/work/code/projects/ZhiYu/Docs/CI_CD_WORKFLOW.md", "Markdown", 0, 0, 0, 0, 1, 0, 0, 0, 0, 0, 9, 10
"/Users/constantine/Documents/work/code/projects/ZhiYu/Docs/CONTRIBUTING.md", "Markdown", 0, 0, 0, 0, 12, 0, 0, 0, 0, 0, 10, 22
"/Users/constantine/Documents/work/code/projects/ZhiYu/Docs/Design/PLUGIN_MARKET_PRD.md", "Markdown", 0, 0, 0, 0, -64, 0, 0, 0, 0, 0, -26, -90
"/Users/constantine/Documents/work/code/projects/ZhiYu/Docs/ROADMAP.md", "Markdown", 0, 0, 0, 0, 22, 0, 0, 0, 0, 0, 7, 29
"/Users/constantine/Documents/work/code/projects/ZhiYu/Docs/Requirements/PLUGIN_MARKET_PRD.md", "Markdown", 0, 0, 0, 0, 64, 0, 0, 0, 0, 0, 26, 90
"/Users/constantine/Documents/work/code/projects/ZhiYu/Docs/Requirements/ROADMAP.md", "Markdown", 0, 0, 0, 0, -34, 0, 0, 0, 0, 0, -11, -45
"/Users/constantine/Documents/work/code/projects/ZhiYu/Docs/Requirements/TEST_GUIDE.md", "Markdown", 0, 0, 0, 0, -73, 0, 0, 0, 0, 0, -26, -99
"/Users/constantine/Documents/work/code/projects/ZhiYu/Docs/Testing/CODE_QUALITY_AUDIT_2026_05_28.md", "Markdown", 0, 0, 0, 0, 364, 0, 0, 0, 0, 0, 110, 474
"/Users/constantine/Documents/work/code/projects/ZhiYu/Docs/Testing/CODE_QUALITY_AUDIT_2026_05_29.md", "Markdown", 0, 0, 0, 0, 71, 0, 0, 0, 0, 0, 13, 84
"/Users/constantine/Documents/work/code/projects/ZhiYu/Docs/Testing/SYSTEM_TEST_PLAN.md", "Markdown", 0, 0, 0, 0, -65, 0, 0, 0, 0, 0, -22, -87
"/Users/constantine/Documents/work/code/projects/ZhiYu/Docs/Testing/TEST_CASES.md", "Markdown", 0, 0, 0, 0, 0, 0, 0, 0, 0, 0, -1, -1
"/Users/constantine/Documents/work/code/projects/ZhiYu/Docs/Testing/TEST_GUIDE.md", "Markdown", 0, 0, 0, 0, 73, 0, 0, 0, 0, 0, 26, 99
"/Users/constantine/Documents/work/code/projects/ZhiYu/Frameworks/ATAuthSDK_D.xcframework/ios-arm64/ATAuthSDK_D.framework/Headers/ATAuthSDK.h", "C++", 9, 0, 0, 0, 0, 0, 0, 0, 0, 10, 6, 25
"/Users/constantine/Documents/work/code/projects/ZhiYu/Frameworks/ATAuthSDK_D.xcframework/ios-arm64/ATAuthSDK_D.framework/Headers/PNSFeatureManager.h", "C++", 11, 0, 0, 0, 0, 0, 0, 0, 0, 3, 14, 28
"/Users/constantine/Documents/work/code/projects/ZhiYu/Frameworks/ATAuthSDK_D.xcframework/ios-arm64/ATAuthSDK_D.framework/Headers/PNSReporter.h", "C++", 22, 0, 0, 0, 0, 0, 0, 0, 0, 7, 9, 38
"/Users/constantine/Documents/work/code/projects/ZhiYu/Frameworks/ATAuthSDK_D.xcframework/ios-arm64/ATAuthSDK_D.framework/Headers/PNSReturnCode.h", "C++", 38, 0, 0, 0, 0, 0, 0, 0, 0, 36, 15, 89
"/Users/constantine/Documents/work/code/projects/ZhiYu/Frameworks/ATAuthSDK_D.xcframework/ios-arm64/ATAuthSDK_D.framework/Headers/TXCommonHandler.h", "C++", 110, 0, 0, 0, 0, 0, 0, 0, 0, 5, 24, 139
"/Users/constantine/Documents/work/code/projects/ZhiYu/Frameworks/ATAuthSDK_D.xcframework/ios-arm64/ATAuthSDK_D.framework/Headers/TXCommonUtils.h", "C++", 61, 0, 0, 0, 0, 0, 0, 0, 0, 5, 16, 82
"/Users/constantine/Documents/work/code/projects/ZhiYu/Frameworks/ATAuthSDK_D.xcframework/ios-arm64/ATAuthSDK_D.framework/Headers/TXCustomModel.h", "C++", 403, 0, 0, 0, 0, 0, 0, 0, 0, 7, 44, 454
"/Users/constantine/Documents/work/code/projects/ZhiYu/Frameworks/ATAuthSDK_D.xcframework/ios-arm64_x86_64-simulator/ATAuthSDK_D.framework/Headers/ATAuthSDK.h", "C++", 9, 0, 0, 0, 0, 0, 0, 0, 0, 10, 6, 25
"/Users/constantine/Documents/work/code/projects/ZhiYu/Frameworks/ATAuthSDK_D.xcframework/ios-arm64_x86_64-simulator/ATAuthSDK_D.framework/Headers/PNSFeatureManager.h", "C++", 11, 0, 0, 0, 0, 0, 0, 0, 0, 3, 14, 28
"/Users/constantine/Documents/work/code/projects/ZhiYu/Frameworks/ATAuthSDK_D.xcframework/ios-arm64_x86_64-simulator/ATAuthSDK_D.framework/Headers/PNSReporter.h", "C++", 22, 0, 0, 0, 0, 0, 0, 0, 0, 7, 9, 38
"/Users/constantine/Documents/work/code/projects/ZhiYu/Frameworks/ATAuthSDK_D.xcframework/ios-arm64_x86_64-simulator/ATAuthSDK_D.framework/Headers/PNSReturnCode.h", "C++", 38, 0, 0, 0, 0, 0, 0, 0, 0, 36, 15, 89
"/Users/constantine/Documents/work/code/projects/ZhiYu/Frameworks/ATAuthSDK_D.xcframework/ios-arm64_x86_64-simulator/ATAuthSDK_D.framework/Headers/TXCommonHandler.h", "C++", 110, 0, 0, 0, 0, 0, 0, 0, 0, 5, 24, 139
"/Users/constantine/Documents/work/code/projects/ZhiYu/Frameworks/ATAuthSDK_D.xcframework/ios-arm64_x86_64-simulator/ATAuthSDK_D.framework/Headers/TXCommonUtils.h", "C++", 61, 0, 0, 0, 0, 0, 0, 0, 0, 5, 16, 82
"/Users/constantine/Documents/work/code/projects/ZhiYu/Frameworks/ATAuthSDK_D.xcframework/ios-arm64_x86_64-simulator/ATAuthSDK_D.framework/Headers/TXCustomModel.h", "C++", 403, 0, 0, 0, 0, 0, 0, 0, 0, 7, 44, 454
"/Users/constantine/Documents/work/code/projects/ZhiYu/Frameworks/WechatOpenSDK.xcframework/ios-arm64/WechatOpenSDK.framework/Headers/WXApi.h", "C++", 167, 0, 0, 0, 0, 0, 0, 0, 0, 7, 58, 232
"/Users/constantine/Documents/work/code/projects/ZhiYu/Frameworks/WechatOpenSDK.xcframework/ios-arm64/WechatOpenSDK.framework/Headers/WXApiObject.h", "C++", 1087, 0, 0, 0, 0, 0, 0, 0, 0, 7, 317, 1411
"/Users/constantine/Documents/work/code/projects/ZhiYu/Frameworks/WechatOpenSDK.xcframework/ios-arm64/WechatOpenSDK.framework/Headers/WechatAuthSDK.h", "C++", 47, 0, 0, 0, 0, 0, 0, 0, 0, 7, 15, 69
"/Users/constantine/Documents/work/code/projects/ZhiYu/Frameworks/WechatOpenSDK.xcframework/ios-arm64/WechatOpenSDK.framework/Headers/WechatOpenSDK.h", "C++", 3, 0, 0, 0, 0, 0, 0, 0, 0, 5, 2, 10
"/Users/constantine/Documents/work/code/projects/ZhiYu/Frameworks/WechatOpenSDK.xcframework/ios-arm64_x86_64-simulator/WechatOpenSDK.framework/Headers/WXApi.h", "C++", 167, 0, 0, 0, 0, 0, 0, 0, 0, 7, 58, 232
"/Users/constantine/Documents/work/code/projects/ZhiYu/Frameworks/WechatOpenSDK.xcframework/ios-arm64_x86_64-simulator/WechatOpenSDK.framework/Headers/WXApiObject.h", "C++", 1087, 0, 0, 0, 0, 0, 0, 0, 0, 7, 317, 1411
"/Users/constantine/Documents/work/code/projects/ZhiYu/Frameworks/WechatOpenSDK.xcframework/ios-arm64_x86_64-simulator/WechatOpenSDK.framework/Headers/WechatAuthSDK.h", "C++", 47, 0, 0, 0, 0, 0, 0, 0, 0, 7, 15, 69
"/Users/constantine/Documents/work/code/projects/ZhiYu/Frameworks/WechatOpenSDK.xcframework/ios-arm64_x86_64-simulator/WechatOpenSDK.framework/Headers/WechatOpenSDK.h", "C++", 3, 0, 0, 0, 0, 0, 0, 0, 0, 5, 2, 10
"/Users/constantine/Documents/work/code/projects/ZhiYu/README.md", "Markdown", 0, 0, 0, 0, 3, 0, 0, 0, 0, 0, 1, 4
"/Users/constantine/Documents/work/code/projects/ZhiYu/Sources/App/AppWindowSceneDelegate.swift", "Swift", 0, 6, 0, 0, 0, 0, 0, 0, 0, 0, 1, 7
"/Users/constantine/Documents/work/code/projects/ZhiYu/Sources/App/ContentView.swift", "Swift", 0, 24, 0, 0, 0, 0, 0, 0, 0, 4, 0, 28
"/Users/constantine/Documents/work/code/projects/ZhiYu/Sources/App/ModuleRegistrar.swift", "Swift", 0, 13, 0, 0, 0, 0, 0, 0, 0, 1, 5, 19
"/Users/constantine/Documents/work/code/projects/ZhiYu/Sources/App/SidebarView.swift", "Swift", 0, -3, 0, 0, 0, 0, 0, 0, 0, 0, 0, -3
"/Users/constantine/Documents/work/code/projects/ZhiYu/Sources/App/Views/AppLayoutComponents.swift", "Swift", 0, 5, 0, 0, 0, 0, 0, 0, 0, 2, 4, 11
"/Users/constantine/Documents/work/code/projects/ZhiYu/Sources/App/ZhiYuApp.swift", "Swift", 0, 11, 0, 0, 0, 0, 0, 0, 0, 2, 2, 15
"/Users/constantine/Documents/work/code/projects/ZhiYu/Sources/Assets.xcassets/GithubLogo.imageset/Contents.json", "JSON", 0, 0, 15, 0, 0, 0, 0, 0, 0, 0, 1, 16
"/Users/constantine/Documents/work/code/projects/ZhiYu/Sources/Assets.xcassets/GithubLogo.imageset/github_logo.svg", "XML", 0, 0, 0, 3, 0, 0, 0, 0, 0, 0, 1, 4
"/Users/constantine/Documents/work/code/projects/ZhiYu/Sources/Assets.xcassets/GoogleLogo.imageset/Contents.json", "JSON", 0, 0, 15, 0, 0, 0, 0, 0, 0, 0, 1, 16
"/Users/constantine/Documents/work/code/projects/ZhiYu/Sources/Assets.xcassets/GoogleLogo.imageset/google_logo.svg", "XML", 0, 0, 0, 6, 0, 0, 0, 0, 0, 0, 1, 7
"/Users/constantine/Documents/work/code/projects/ZhiYu/Sources/Assets.xcassets/WechatLogo.imageset/Contents.json", "JSON", 0, 0, 15, 0, 0, 0, 0, 0, 0, 0, 1, 16
"/Users/constantine/Documents/work/code/projects/ZhiYu/Sources/Assets.xcassets/WechatLogo.imageset/wechat_logo.svg", "XML", 0, 0, 0, 3, 0, 0, 0, 0, 0, 0, 1, 4
"/Users/constantine/Documents/work/code/projects/ZhiYu/Sources/Core/Base/Constants/AppConfig.swift", "Swift", 0, 1, 0, 0, 0, 0, 0, 0, 0, 0, 0, 1
"/Users/constantine/Documents/work/code/projects/ZhiYu/Sources/Core/Base/Constants/AppConstants.swift", "Swift", 0, 6, 0, 0, 0, 0, 0, 0, 0, 1, 1, 8
"/Users/constantine/Documents/work/code/projects/ZhiYu/Sources/Core/Base/Protocols/AppStoreProtocol.swift", "Swift", 0, 38, 0, 0, 0, 0, 0, 0, 0, 24, 13, 75
"/Users/constantine/Documents/work/code/projects/ZhiYu/Sources/Core/Base/Protocols/RouterProtocol.swift", "Swift", 0, 31, 0, 0, 0, 0, 0, 0, 0, 27, 18, 76
"/Users/constantine/Documents/work/code/projects/ZhiYu/Sources/Core/Base/Utils/ZipUtility.swift", "Swift", 0, 2, 0, 0, 0, 0, 0, 0, 0, 0, 0, 2
"/Users/constantine/Documents/work/code/projects/ZhiYu/Sources/Core/System/Security/JailbreakDetector.swift", "Swift", 0, 0, 0, 0, 0, 0, 0, 0, 0, 1, 0, 1
"/Users/constantine/Documents/work/code/projects/ZhiYu/Sources/Core/System/Shortcuts/ShortcutManager.swift", "Swift", 0, -84, 0, 0, 0, 0, 0, 0, 0, -56, -26, -166
"/Users/constantine/Documents/work/code/projects/ZhiYu/Sources/Domain/Models/AgentSkill.swift", "Swift", 0, 34, 0, 0, 0, 0, 0, 0, 0, 21, 13, 68
"/Users/constantine/Documents/work/code/projects/ZhiYu/Sources/Domain/Models/AgentTool.swift", "Swift", 0, 19, 0, 0, 0, 0, 0, 0, 0, 16, 8, 43
"/Users/constantine/Documents/work/code/projects/ZhiYu/Sources/Domain/Models/KnowledgePage.swift", "Swift", 0, -51, 0, 0, 0, 0, 0, 0, 0, -9, -2, -62
"/Users/constantine/Documents/work/code/projects/ZhiYu/Sources/Domain/Models/KnowledgePageFTS.swift", "Swift", 0, -2, 0, 0, 0, 0, 0, 0, 0, 0, 1, -1
"/Users/constantine/Documents/work/code/projects/ZhiYu/Sources/Domain/Models/LLMManifest.swift", "Swift", 0, 57, 0, 0, 0, 0, 0, 0, 0, 28, 20, 105
"/Users/constantine/Documents/work/code/projects/ZhiYu/Sources/Domain/Models/LintIssue.swift", "Swift", 0, 68, 0, 0, 0, 0, 0, 0, 0, 12, 10, 90
"/Users/constantine/Documents/work/code/projects/ZhiYu/Sources/Domain/Models/PageLink.swift", "Swift", 0, -8, 0, 0, 0, 0, 0, 0, 0, 0, 1, -7
"/Users/constantine/Documents/work/code/projects/ZhiYu/Sources/Domain/Models/PageType.swift", "Swift", 0, -1, 0, 0, 0, 0, 0, 0, 0, 0, 1, 0
"/Users/constantine/Documents/work/code/projects/ZhiYu/Sources/Domain/Models/RAGModels.swift", "Swift", 0, -32, 0, 0, 0, 0, 0, 0, 0, -2, 2, -32
"/Users/constantine/Documents/work/code/projects/ZhiYu/Sources/Domain/Protocols/IngestServiceProtocol.swift", "Swift", 0, 4, 0, 0, 0, 0, 0, 0, 0, 12, 4, 20
"/Users/constantine/Documents/work/code/projects/ZhiYu/Sources/Domain/Protocols/KnowledgeStoreProtocol.swift", "Swift", 0, 6, 0, 0, 0, 0, 0, 0, 0, 13, 5, 24
"/Users/constantine/Documents/work/code/projects/ZhiYu/Sources/Domain/Protocols/ModelDownloadCapabilities.swift", "Swift", 0, 16, 0, 0, 0, 0, 0, 0, 0, 29, 9, 54
"/Users/constantine/Documents/work/code/projects/ZhiYu/Sources/Domain/Protocols/PluginEventBus.swift", "Swift", 0, 5, 0, 0, 0, 0, 0, 0, 0, 12, 4, 21
"/Users/constantine/Documents/work/code/projects/ZhiYu/Sources/Domain/Protocols/PromptTemplateEngineCapabilities.swift", "Swift", 0, 6, 0, 0, 0, 0, 0, 0, 0, 30, 6, 42
"/Users/constantine/Documents/work/code/projects/ZhiYu/Sources/Domain/Protocols/RemoteConfigCapabilities.swift", "Swift", 0, 5, 0, 0, 0, 0, 0, 0, 0, 17, 5, 27
"/Users/constantine/Documents/work/code/projects/ZhiYu/Sources/Domain/Protocols/SyncCoordinatorDelegate.swift", "Swift", 0, 8, 0, 0, 0, 0, 0, 0, 0, 14, 3, 25
"/Users/constantine/Documents/work/code/projects/ZhiYu/Sources/Domain/Protocols/TaskCenterProtocol.swift", "Swift", 0, 8, 0, 0, 0, 0, 0, 0, 0, 21, 7, 36
"/Users/constantine/Documents/work/code/projects/ZhiYu/Sources/Domain/Services/DeviceHardwareGuard.swift", "Swift", 0, 33, 0, 0, 0, 0, 0, 0, 0, 26, 14, 73
"/Users/constantine/Documents/work/code/projects/ZhiYu/Sources/Domain/Services/PromptTemplateEngine.swift", "Swift", 0, 54, 0, 0, 0, 0, 0, 0, 0, 39, 19, 112
"/Users/constantine/Documents/work/code/projects/ZhiYu/Sources/Features/AI/Chat/View/ChatView.swift", "Swift", 0, 1, 0, 0, 0, 0, 0, 0, 0, 3, 0, 4
"/Users/constantine/Documents/work/code/projects/ZhiYu/Sources/Features/AI/Synthesis/View/PromptWorkshopView.swift", "Swift", 0, -2, 0, 0, 0, 0, 0, 0, 0, 0, 0, -2
"/Users/constantine/Documents/work/code/projects/ZhiYu/Sources/Features/AI/TaskCenter/View/TaskCenterView.swift", "Swift", 0, -2, 0, 0, 0, 0, 0, 0, 0, 0, 0, -2
"/Users/constantine/Documents/work/code/projects/ZhiYu/Sources/Features/AI/VoiceNote/View/Components/VoiceNoteComponents.swift", "Swift", 0, -2, 0, 0, 0, 0, 0, 0, 0, 0, 0, -2
"/Users/constantine/Documents/work/code/projects/ZhiYu/Sources/Features/Insight/Dashboard/Service/KnowledgeInsightService.swift", "Swift", 0, 11, 0, 0, 0, 0, 0, 0, 0, 1, 1, 13
"/Users/constantine/Documents/work/code/projects/ZhiYu/Sources/Features/Insight/Dashboard/View/BacklinksView.swift", "Swift", 0, -2, 0, 0, 0, 0, 0, 0, 0, 0, 0, -2
"/Users/constantine/Documents/work/code/projects/ZhiYu/Sources/Features/Insight/Dashboard/View/Components/WeeklyInsightCard.swift", "Swift", 0, -2, 0, 0, 0, 0, 0, 0, 0, 0, 0, -2
"/Users/constantine/Documents/work/code/projects/ZhiYu/Sources/Features/Insight/Dashboard/View/CreatePageView.swift", "Swift", 0, -2, 0, 0, 0, 0, 0, 0, 0, 0, 0, -2
"/Users/constantine/Documents/work/code/projects/ZhiYu/Sources/Features/Insight/Dashboard/View/KnowledgeDashboardView.swift", "Swift", 0, 1, 0, 0, 0, 0, 0, 0, 0, 0, 0, 1
"/Users/constantine/Documents/work/code/projects/ZhiYu/Sources/Features/Insight/Dashboard/View/KnowledgePageListView.swift", "Swift", 0, 4, 0, 0, 0, 0, 0, 0, 0, 0, 0, 4
"/Users/constantine/Documents/work/code/projects/ZhiYu/Sources/Features/Insight/Dashboard/View/Subviews/PageHistoryView.swift", "Swift", 0, -4, 0, 0, 0, 0, 0, 0, 0, 0, 0, -4
"/Users/constantine/Documents/work/code/projects/ZhiYu/Sources/Features/Insight/Lint/Model/LintIssue.swift", "Swift", 0, -68, 0, 0, 0, 0, 0, 0, 0, -12, -10, -90
"/Users/constantine/Documents/work/code/projects/ZhiYu/Sources/Features/Insight/Log/View/LogView.swift", "Swift", 0, -2, 0, 0, 0, 0, 0, 0, 0, 0, 0, -2
"/Users/constantine/Documents/work/code/projects/ZhiYu/Sources/Features/Insight/MedalWall/View/MedalWallView.swift", "Swift", 0, -2, 0, 0, 0, 0, 0, 0, 0, 0, 0, -2
"/Users/constantine/Documents/work/code/projects/ZhiYu/Sources/Features/Knowledge/Ingest/View/Components/IngestViewComponents.swift", "Swift", 0, -2, 0, 0, 0, 0, 0, 0, 0, 0, 0, -2
"/Users/constantine/Documents/work/code/projects/ZhiYu/Sources/Features/Knowledge/Ingest/View/Components/PDFComponents.swift", "Swift", 0, -2, 0, 0, 0, 0, 0, 0, 0, 0, 0, -2
"/Users/constantine/Documents/work/code/projects/ZhiYu/Sources/Features/Knowledge/Ingest/View/OCRScanView.swift", "Swift", 0, -2, 0, 0, 0, 0, 0, 0, 0, 0, 0, -2
"/Users/constantine/Documents/work/code/projects/ZhiYu/Sources/Features/Knowledge/Ingest/View/PDFReaderView.swift", "Swift", 0, -2, 0, 0, 0, 0, 0, 0, 0, 0, 0, -2
"/Users/constantine/Documents/work/code/projects/ZhiYu/Sources/Features/Knowledge/NotebookHub/View/Components/NotebookCard.swift", "Swift", 0, 3, 0, 0, 0, 0, 0, 0, 0, 0, 0, 3
"/Users/constantine/Documents/work/code/projects/ZhiYu/Sources/Features/Knowledge/NotebookHub/View/NotebookHubView.swift", "Swift", 0, 1, 0, 0, 0, 0, 0, 0, 0, 0, 1, 2
"/Users/constantine/Documents/work/code/projects/ZhiYu/Sources/Features/Knowledge/Search/View/SearchView.swift", "Swift", 0, -4, 0, 0, 0, 0, 0, 0, 0, 0, 0, -4
"/Users/constantine/Documents/work/code/projects/ZhiYu/Sources/Features/System/Auth/Models/AuthDTOs.swift", "Swift", 0, 124, 0, 0, 0, 0, 0, 0, 0, 19, 32, 175
"/Users/constantine/Documents/work/code/projects/ZhiYu/Sources/Features/System/Auth/Service/AuthService.swift", "Swift", 0, 103, 0, 0, 0, 0, 0, 0, 0, -3, 5, 105
"/Users/constantine/Documents/work/code/projects/ZhiYu/Sources/Features/System/Auth/Strategy/CarrierAuthStrategy.swift", "Swift", 0, 61, 0, 0, 0, 0, 0, 0, 0, 22, 17, 100
"/Users/constantine/Documents/work/code/projects/ZhiYu/Sources/Features/System/Auth/Strategy/GitHubAuthStrategy.swift", "Swift", 0, 73, 0, 0, 0, 0, 0, 0, 0, 18, 16, 107
"/Users/constantine/Documents/work/code/projects/ZhiYu/Sources/Features/System/Auth/Strategy/GoogleAuthStrategy.swift", "Swift", 0, 56, 0, 0, 0, 0, 0, 0, 0, 22, 13, 91
"/Users/constantine/Documents/work/code/projects/ZhiYu/Sources/Features/System/Auth/Strategy/WeChatAuthStrategy.swift", "Swift", 0, 27, 0, 0, 0, 0, 0, 0, 0, 12, 8, 47
"/Users/constantine/Documents/work/code/projects/ZhiYu/Sources/Features/System/Auth/View/AuthView.swift", "Swift", 0, -27, 0, 0, 0, 0, 0, 0, 0, 2, -3, -28
"/Users/constantine/Documents/work/code/projects/ZhiYu/Sources/Features/System/Collaboration/View/CollaborationView.swift", "Swift", 0, -2, 0, 0, 0, 0, 0, 0, 0, 0, 0, -2
"/Users/constantine/Documents/work/code/projects/ZhiYu/Sources/Features/System/ModelManager/GlobalModelManager.swift", "Swift", 0, 154, 0, 0, 0, 0, 0, 0, 0, 58, 43, 255
"/Users/constantine/Documents/work/code/projects/ZhiYu/Sources/Features/System/ModelManager/View/ModelStoreView.swift", "Swift", 0, 373, 0, 0, 0, 0, 0, 0, 0, 45, 46, 464
"/Users/constantine/Documents/work/code/projects/ZhiYu/Sources/Features/System/Settings/View/BackupView.swift", "Swift", 0, -2, 0, 0, 0, 0, 0, 0, 0, 0, 0, -2
"/Users/constantine/Documents/work/code/projects/ZhiYu/Sources/Features/System/Settings/View/Components/OnDeviceComponents.swift", "Swift", 0, -2, 0, 0, 0, 0, 0, 0, 0, 0, 0, -2
"/Users/constantine/Documents/work/code/projects/ZhiYu/Sources/Features/System/Settings/View/Components/PerformanceDashboardView.swift", "Swift", 0, -2, 0, 0, 0, 0, 0, 0, 0, 0, 0, -2
"/Users/constantine/Documents/work/code/projects/ZhiYu/Sources/Features/System/Settings/View/ConflictDiffView.swift", "Swift", 0, -2, 0, 0, 0, 0, 0, 0, 0, 0, 0, -2
"/Users/constantine/Documents/work/code/projects/ZhiYu/Sources/Features/System/Settings/View/OnDeviceLLMSettingsView.swift", "Swift", 0, -2, 0, 0, 0, 0, 0, 0, 0, 0, 0, -2
"/Users/constantine/Documents/work/code/projects/ZhiYu/Sources/Features/System/Settings/View/PluginCenterView.swift", "Swift", 0, -2, 0, 0, 0, 0, 0, 0, 0, 0, 0, -2
"/Users/constantine/Documents/work/code/projects/ZhiYu/Sources/Features/System/Settings/View/PluginDetailView.swift", "Swift", 0, -2, 0, 0, 0, 0, 0, 0, 0, 0, 0, -2
"/Users/constantine/Documents/work/code/projects/ZhiYu/Sources/Features/System/Settings/View/SettingsView.swift", "Swift", 0, 8, 0, 0, 0, 0, 0, 0, 0, 1, 0, 9
"/Users/constantine/Documents/work/code/projects/ZhiYu/Sources/Infrastructure/LLM/LLMService.swift", "Swift", 0, 36, 0, 0, 0, 0, 0, 0, 0, 10, 5, 51
"/Users/constantine/Documents/work/code/projects/ZhiYu/Sources/Infrastructure/Network/ModelDownloadManager.swift", "Swift", 0, 215, 0, 0, 0, 0, 0, 0, 0, 68, 71, 354
"/Users/constantine/Documents/work/code/projects/ZhiYu/Sources/Infrastructure/Network/Models/ApiResponse.swift", "Swift", 0, 32, 0, 0, 0, 0, 0, 0, 0, 19, 7, 58
"/Users/constantine/Documents/work/code/projects/ZhiYu/Sources/Infrastructure/Network/NetworkClient.swift", "Swift", 0, 130, 0, 0, 0, 0, 0, 0, 0, 30, 31, 191
"/Users/constantine/Documents/work/code/projects/ZhiYu/Sources/Infrastructure/Network/RemoteConfigService.swift", "Swift", 0, 115, 0, 0, 0, 0, 0, 0, 0, 21, 16, 152
"/Users/constantine/Documents/work/code/projects/ZhiYu/Sources/Infrastructure/Storage/Engine/SQLiteStore.swift", "Swift", 0, 10, 0, 0, 0, 0, 0, 0, 0, 1, 0, 11
"/Users/constantine/Documents/work/code/projects/ZhiYu/Sources/Infrastructure/Storage/Extensions/KnowledgePage+GRDB.swift", "Swift", 0, 59, 0, 0, 0, 0, 0, 0, 0, 18, 9, 86
"/Users/constantine/Documents/work/code/projects/ZhiYu/Sources/Infrastructure/Storage/Extensions/KnowledgePageFTS+GRDB.swift", "Swift", 0, 5, 0, 0, 0, 0, 0, 0, 0, 8, 3, 16
"/Users/constantine/Documents/work/code/projects/ZhiYu/Sources/Infrastructure/Storage/Extensions/PageLink+GRDB.swift", "Swift", 0, 14, 0, 0, 0, 0, 0, 0, 0, 10, 5, 29
"/Users/constantine/Documents/work/code/projects/ZhiYu/Sources/Infrastructure/Storage/Extensions/PageType+GRDB.swift", "Swift", 0, 5, 0, 0, 0, 0, 0, 0, 0, 8, 3, 16
"/Users/constantine/Documents/work/code/projects/ZhiYu/Sources/Infrastructure/Storage/Extensions/RAGModels+GRDB.swift", "Swift", 0, 40, 0, 0, 0, 0, 0, 0, 0, 12, 8, 60
"/Users/constantine/Documents/work/code/projects/ZhiYu/Sources/Infrastructure/Storage/Repositories/AIGovernanceRepository.swift", "Swift", 0, 17, 0, 0, 0, 0, 0, 0, 0, 2, 0, 19
"/Users/constantine/Documents/work/code/projects/ZhiYu/Sources/Infrastructure/Storage/Repositories/KnowledgePageRepository.swift", "Swift", 0, 27, 0, 0, 0, 0, 0, 0, 0, 10, 0, 37
"/Users/constantine/Documents/work/code/projects/ZhiYu/Sources/Infrastructure/Storage/Repositories/TagRepository.swift", "Swift", 0, 18, 0, 0, 0, 0, 0, 0, 0, 15, 3, 36
"/Users/constantine/Documents/work/code/projects/ZhiYu/Sources/Infrastructure/Storage/Repositories/VectorDataRepository.swift", "Swift", 0, 15, 0, 0, 0, 0, 0, 0, 0, 2, 0, 17
"/Users/constantine/Documents/work/code/projects/ZhiYu/Sources/Localization/Extensions/L10n+Auth.swift", "Swift", 0, 7, 0, 0, 0, 0, 0, 0, 0, 1, 1, 9
"/Users/constantine/Documents/work/code/projects/ZhiYu/Sources/Localization/Extensions/L10n+Chat.swift", "Swift", 0, 6, 0, 0, 0, 0, 0, 0, 0, 5, 1, 12
"/Users/constantine/Documents/work/code/projects/ZhiYu/Sources/Localization/Extensions/L10n+Dashboard.swift", "Swift", 0, 4, 0, 0, 0, 0, 0, 0, 0, 0, 1, 5
"/Users/constantine/Documents/work/code/projects/ZhiYu/Sources/Localization/Extensions/L10n+Network.swift", "Swift", 0, 19, 0, 0, 0, 0, 0, 0, 0, 28, 12, 59
"/Users/constantine/Documents/work/code/projects/ZhiYu/Sources/Platforms/iOS/Widgets/KnowledgeStatsWidget.swift", "Swift", 0, 4, 0, 0, 0, 0, 0, 0, 0, 2, 0, 6
"/Users/constantine/Documents/work/code/projects/ZhiYu/Sources/Resources/AppConfig.json", "JSON", 0, 0, 1, 0, 0, 0, 0, 0, 0, 0, 0, 1
"/Users/constantine/Documents/work/code/projects/ZhiYu/Sources/Shared/DesignSystem/DesignSystem.swift", "Swift", 0, -603, 0, 0, 0, 0, 0, 0, 0, -88, -48, -739
"/Users/constantine/Documents/work/code/projects/ZhiYu/Sources/Shared/DesignSystem/Tokens/DesignSystem+Action.swift", "Swift", 0, 19, 0, 0, 0, 0, 0, 0, 0, 11, 3, 33
"/Users/constantine/Documents/work/code/projects/ZhiYu/Sources/Shared/DesignSystem/Tokens/DesignSystem+Animation.swift", "Swift", 0, 32, 0, 0, 0, 0, 0, 0, 0, 14, 8, 54
"/Users/constantine/Documents/work/code/projects/ZhiYu/Sources/Shared/DesignSystem/Tokens/DesignSystem+Chip.swift", "Swift", 0, 11, 0, 0, 0, 0, 0, 0, 0, 11, 3, 25
"/Users/constantine/Documents/work/code/projects/ZhiYu/Sources/Shared/DesignSystem/Tokens/DesignSystem+CompositeRow.swift", "Swift", 0, 11, 0, 0, 0, 0, 0, 0, 0, 11, 3, 25
"/Users/constantine/Documents/work/code/projects/ZhiYu/Sources/Shared/DesignSystem/Tokens/DesignSystem+Decorator.swift", "Swift", 0, 24, 0, 0, 0, 0, 0, 0, 0, 11, 3, 38
"/Users/constantine/Documents/work/code/projects/ZhiYu/Sources/Shared/DesignSystem/Tokens/DesignSystem+Domain.swift", "Swift", 0, 50, 0, 0, 0, 0, 0, 0, 0, 35, 6, 91
"/Users/constantine/Documents/work/code/projects/ZhiYu/Sources/Shared/DesignSystem/Tokens/DesignSystem+Gallery.swift", "Swift", 0, 22, 0, 0, 0, 0, 0, 0, 0, 11, 3, 36
"/Users/constantine/Documents/work/code/projects/ZhiYu/Sources/Shared/DesignSystem/Tokens/DesignSystem+Graph.swift", "Swift", 0, 34, 0, 0, 0, 0, 0, 0, 0, 11, 4, 49
"/Users/constantine/Documents/work/code/projects/ZhiYu/Sources/Shared/DesignSystem/Tokens/DesignSystem+Grid.swift", "Swift", 0, 11, 0, 0, 0, 0, 0, 0, 0, 11, 3, 25
"/Users/constantine/Documents/work/code/projects/ZhiYu/Sources/Shared/DesignSystem/Tokens/DesignSystem+Icons.swift", "Swift", 0, 245, 0, 0, 0, 0, 0, 0, 0, 26, 12, 283
"/Users/constantine/Documents/work/code/projects/ZhiYu/Sources/Shared/DesignSystem/Tokens/DesignSystem+Layout.swift", "Swift", 0, 14, 0, 0, 0, 0, 0, 0, 0, 11, 3, 28
"/Users/constantine/Documents/work/code/projects/ZhiYu/Sources/Shared/DesignSystem/Tokens/DesignSystem+List.swift", "Swift", 0, 10, 0, 0, 0, 0, 0, 0, 0, 11, 3, 24
"/Users/constantine/Documents/work/code/projects/ZhiYu/Sources/Shared/DesignSystem/Tokens/DesignSystem+Metrics.swift", "Swift", 0, 54, 0, 0, 0, 0, 0, 0, 0, 12, 6, 72
"/Users/constantine/Documents/work/code/projects/ZhiYu/Sources/Shared/DesignSystem/Tokens/DesignSystem+Opacity.swift", "Swift", 0, 11, 0, 0, 0, 0, 0, 0, 0, 11, 3, 25
"/Users/constantine/Documents/work/code/projects/ZhiYu/Sources/Shared/DesignSystem/Tokens/DesignSystem+Radius.swift", "Swift", 0, 13, 0, 0, 0, 0, 0, 0, 0, 11, 3, 27
"/Users/constantine/Documents/work/code/projects/ZhiYu/Sources/Shared/DesignSystem/Tokens/DesignSystem+RadiusToken.swift", "Swift", 0, 24, 0, 0, 0, 0, 0, 0, 0, 19, 4, 47
"/Users/constantine/Documents/work/code/projects/ZhiYu/Sources/Shared/DesignSystem/Tokens/DesignSystem+Shadow.swift", "Swift", 0, 9, 0, 0, 0, 0, 0, 0, 0, 10, 3, 22
"/Users/constantine/Documents/work/code/projects/ZhiYu/Sources/Shared/DesignSystem/Tokens/DesignSystem+Shadows.swift", "Swift", 0, 9, 0, 0, 0, 0, 0, 0, 0, 14, 3, 26
"/Users/constantine/Documents/work/code/projects/ZhiYu/Sources/Shared/DesignSystem/Tokens/DesignSystem+Sidebar.swift", "Swift", 0, 15, 0, 0, 0, 0, 0, 0, 0, 11, 3, 29
"/Users/constantine/Documents/work/code/projects/ZhiYu/Sources/Shared/DesignSystem/Tokens/DesignSystem+SpacingToken.swift", "Swift", 0, 28, 0, 0, 0, 0, 0, 0, 0, 22, 5, 55
"/Users/constantine/Documents/work/code/projects/ZhiYu/Sources/Shared/DesignSystem/Tokens/DesignSystem+Task.swift", "Swift", 0, 15, 0, 0, 0, 0, 0, 0, 0, 11, 3, 29
"/Users/constantine/Documents/work/code/projects/ZhiYu/Sources/Shared/DesignSystem/Tokens/DesignSystem+Timeline.swift", "Swift", 0, 13, 0, 0, 0, 0, 0, 0, 0, 11, 3, 27
"/Users/constantine/Documents/work/code/projects/ZhiYu/Sources/Shared/DesignSystem/Tokens/DesignSystem+Vault.swift", "Swift", 0, 15, 0, 0, 0, 0, 0, 0, 0, 11, 3, 29
"/Users/constantine/Documents/work/code/projects/ZhiYu/Sources/Shared/DesignSystem/Tokens/DesignSystem+ZIndex.swift", "Swift", 0, 10, 0, 0, 0, 0, 0, 0, 0, 11, 3, 24
"/Users/constantine/Documents/work/code/projects/ZhiYu/Sources/Shared/UIComponents/Badges/AIRainbowGlowBadge.swift", "Swift", 0, 182, 0, 0, 0, 0, 0, 0, 0, 33, 33, 248
"/Users/constantine/Documents/work/code/projects/ZhiYu/Sources/Shared/UIComponents/Editors/EditorComponents.swift", "Swift", 0, -2, 0, 0, 0, 0, 0, 0, 0, 0, 0, -2
"/Users/constantine/Documents/work/code/projects/ZhiYu/Sources/Shared/UIComponents/Feedback/AppAILoadingSkeleton.swift", "Swift", 0, 0, 0, 0, 0, 0, 0, 0, 0, 1, 0, 1
"/Users/constantine/Documents/work/code/projects/ZhiYu/Sources/Shared/UIComponents/Menus/UserProfileMenu.swift", "Swift", 0, -59, 0, 0, 0, 0, 0, 0, 0, -1, -2, -62
"/Users/constantine/Documents/work/code/projects/ZhiYu/Sources/Shared/UIComponents/Modifiers/AppToolbarModifier.swift", "Swift", 0, 3, 0, 0, 0, 0, 0, 0, 0, 0, 0, 3
"/Users/constantine/Documents/work/code/projects/ZhiYu/Sources/Shared/UIComponents/Modifiers/DesignModifiers.swift", "Swift", 0, 8, 0, 0, 0, 0, 0, 0, 0, 1, 1, 10
"/Users/constantine/Documents/work/code/projects/ZhiYu/Sources/Shared/UIComponents/Overlays/HostingSetupSheet.swift", "Swift", 0, -2, 0, 0, 0, 0, 0, 0, 0, 0, 0, -2
"/Users/constantine/Documents/work/code/projects/ZhiYu/Sources/Shared/UIComponents/Pickers/IconPickerView.swift", "Swift", 0, -2, 0, 0, 0, 0, 0, 0, 0, 0, 0, -2
"/Users/constantine/Documents/work/code/projects/ZhiYu/Sources/ZhiYu-Bridging-Header.h", "C++", 2, 0, 0, 0, 0, 0, 0, 0, 0, 5, 2, 9
"/Users/constantine/Documents/work/code/projects/ZhiYu/Tests/Shared/TestMocks.swift", "Swift", 0, 10, 0, 0, 0, 0, 0, 0, 0, 1, 5, 16
"/Users/constantine/Documents/work/code/projects/ZhiYu/Tests/SnapshotTests/ComponentSnapshots.swift", "Swift", 0, 1, 0, 0, 0, 0, 0, 0, 0, 0, 1, 2
"/Users/constantine/Documents/work/code/projects/ZhiYu/Tests/UI/IngestUITests.swift", "Swift", 0, 77, 0, 0, 0, 0, 0, 0, 0, 12, 11, 100
"/Users/constantine/Documents/work/code/projects/ZhiYu/Tests/UITests/AuthUITests.swift", "Swift", 0, 231, 0, 0, 0, 0, 0, 0, 0, 81, 53, 365
"/Users/constantine/Documents/work/code/projects/ZhiYu/Tests/UITests/ZhiYuUITests.swift", "Swift", 0, 149, 0, 0, 0, 0, 0, 0, 0, 34, 26, 209
"/Users/constantine/Documents/work/code/projects/ZhiYu/Tests/Unit/AI/DeviceHardwareGuardTests.swift", "Swift", 0, 75, 0, 0, 0, 0, 0, 0, 0, 21, 25, 121
"/Users/constantine/Documents/work/code/projects/ZhiYu/Tests/Unit/AI/LLMServiceTests.swift", "Swift", 0, 12, 0, 0, 0, 0, 0, 0, 0, 3, 6, 21
"/Users/constantine/Documents/work/code/projects/ZhiYu/Tests/Unit/AI/MockLLMServices.swift", "Swift", 0, 27, 0, 0, 0, 0, 0, 0, 0, 3, 5, 35
"/Users/constantine/Documents/work/code/projects/ZhiYu/Tests/Unit/AI/ModelStoreConfigTests.swift", "Swift", 0, 70, 0, 0, 0, 0, 0, 0, 0, 27, 22, 119
"/Users/constantine/Documents/work/code/projects/ZhiYu/Tests/Unit/AI/PromptTemplateEngineTests.swift", "Swift", 0, 118, 0, 0, 0, 0, 0, 0, 0, 25, 34, 177
"/Users/constantine/Documents/work/code/projects/ZhiYu/Tests/Unit/Base/ServiceContainerTests.swift", "Swift", 0, 110, 0, 0, 0, 0, 0, 0, 0, 46, 40, 196
"/Users/constantine/Documents/work/code/projects/ZhiYu/Tests/Unit/Storage/KnowledgeRepositoryTests.swift", "Swift", 0, 55, 0, 0, 0, 0, 0, 0, 0, 27, 21, 103
"/Users/constantine/Documents/work/code/projects/ZhiYu/Tests/Unit/System/AppleAuthStrategyTests.swift", "Swift", 0, 25, 0, 0, 0, 0, 0, 0, 0, 10, 7, 42
"/Users/constantine/Documents/work/code/projects/ZhiYu/Tests/Unit/System/AuthServiceTests.swift", "Swift", 0, 77, 0, 0, 0, 0, 0, 0, 0, 15, 27, 119
"/Users/constantine/Documents/work/code/projects/ZhiYu/Tests/Unit/System/CarrierAuthStrategyTests.swift", "Swift", 0, 39, 0, 0, 0, 0, 0, 0, 0, 10, 7, 56
"/Users/constantine/Documents/work/code/projects/ZhiYu/Tests/Unit/System/GitHubAuthStrategyTests.swift", "Swift", 0, 33, 0, 0, 0, 0, 0, 0, 0, 10, 4, 47
"/Users/constantine/Documents/work/code/projects/ZhiYu/Tests/Unit/System/GoogleAuthStrategyTests.swift", "Swift", 0, 38, 0, 0, 0, 0, 0, 0, 0, 10, 6, 54
"/Users/constantine/Documents/work/code/projects/ZhiYu/Tests/Unit/System/HapticFeedbackTests.swift", "Swift", 0, 37, 0, 0, 0, 0, 0, 0, 0, 14, 8, 59
"/Users/constantine/Documents/work/code/projects/ZhiYu/Tests/Unit/System/LoggerTests.swift", "Swift", 0, 111, 0, 0, 0, 0, 0, 0, 0, 43, 40, 194
"/Users/constantine/Documents/work/code/projects/ZhiYu/Tests/Unit/System/NetworkClientTests.swift", "Swift", 0, 23, 0, 0, 0, 0, 0, 0, 0, 13, 7, 43
"/Users/constantine/Documents/work/code/projects/ZhiYu/Tests/Unit/System/SettingsViewTests.swift", "Swift", 0, 27, 0, 0, 0, 0, 0, 0, 0, 17, 7, 51
"/Users/constantine/Documents/work/code/projects/ZhiYu/Tests/Unit/System/ShortcutManagerTests.swift", "Swift", 0, -26, 0, 0, 0, 0, 0, 0, 0, -18, -10, -54
"/Users/constantine/Documents/work/code/projects/ZhiYu/Tests/Unit/System/WeChatAuthStrategyTests.swift", "Swift", 0, 37, 0, 0, 0, 0, 0, 0, 0, 10, 6, 53
"/Users/constantine/Documents/work/code/projects/ZhiYu/Tools/Temp/analyze_global_coverage.py", "Python", 0, 0, 0, 0, 0, 0, 200, 0, 0, 32, 44, 276
"/Users/constantine/Documents/work/code/projects/ZhiYu/Tools/Temp/batch_replace_protocols.py", "Python", 0, 0, 0, 0, 0, 0, 31, 0, 0, 3, 8, 42
"/Users/constantine/Documents/work/code/projects/ZhiYu/Tools/Temp/deep_audit.py", "Python", 0, 0, 0, 0, 0, 0, 63, 0, 0, 8, 22, 93
"/Users/constantine/Documents/work/code/projects/ZhiYu/Tools/Temp/fix_nav_macros.py", "Python", 0, 0, 0, 0, 0, 0, 17, 0, 0, 1, 6, 24
"/Users/constantine/Documents/work/code/projects/ZhiYu/Tools/Temp/generate_audit_report.py", "Python", 0, 0, 0, 0, 0, 0, 125, 0, 0, 10, 32, 167
"/Users/constantine/Documents/work/code/projects/ZhiYu/Tools/Temp/patch_auth.py", "Python", 0, 0, 0, 0, 0, 0, 18, 0, 0, 6, 7, 31
"/Users/constantine/Documents/work/code/projects/ZhiYu/Tools/Temp/split_db.py", "Python", 0, 0, 0, 0, 0, 0, 29, 0, 0, 3, 9, 41
"/Users/constantine/Documents/work/code/projects/ZhiYu/Tools/Temp/split_db_manager.py", "Python", 0, 0, 0, 0, 0, 0, 49, 0, 0, 1, 11, 61
"/Users/constantine/Documents/work/code/projects/ZhiYu/Tools/Temp/split_db_migrators.py", "Python", 0, 0, 0, 0, 0, 0, 29, 0, 0, 1, 10, 40
"/Users/constantine/Documents/work/code/projects/ZhiYu/Tools/Temp/split_design_system.py", "Python", 0, 0, 0, 0, 0, 0, 64, 0, 0, 2, 19, 85
"/Users/constantine/Documents/work/code/projects/ZhiYu/Tools/Temp/test_login.swift", "Swift", 0, 33, 0, 0, 0, 0, 0, 0, 0, 1, 5, 39
"/Users/constantine/Documents/work/code/projects/ZhiYu/Tools/Temp/test_observation.swift", "Swift", 0, 9, 0, 0, 0, 0, 0, 0, 0, 0, 4, 13
"/Users/constantine/Documents/work/code/projects/ZhiYu/Tools/check_localization.py", "Python", 0, 0, 0, 0, 0, 0, -325, 0, 0, -42, -87, -454
"/Users/constantine/Documents/work/code/projects/ZhiYu/Tools/ci-test-progress.sh", "Shell Script", 0, 0, 0, 0, 0, 0, 0, 57, 0, 13, 12, 82
"/Users/constantine/Documents/work/code/projects/ZhiYu/fastlane/Fastfile", "Ruby", 0, 0, 0, 0, 0, 0, 0, 0, -20, -9, -4, -33
"/Users/constantine/Documents/work/code/projects/ZhiYu/project.yml", "YAML", 0, 0, 0, 0, 0, 6, 0, 0, 0, 0, 0, 6
"/Users/constantine/Documents/work/code/projects/ZhiYu/walkthrough.md", "Markdown", 0, 0, 0, 0, -109, 0, 0, 0, 0, 0, -31, -140
"Total", "-", 3918, 3536, 119, 12, 247, 66, 300, 57, -20, 1664, 2173, 12072